数学,计算机,科普,吴军,计算机科学,互联网,科学,Programming,数学之美,1
计算机系统,计算机,计算机科学,操作系统,操作系统体系结构,编程,体系结构,程序员,深入理解计算机系统（原书第2版）,1
计算机,黑客,互联网,创业,编程,阮一峰,软件开发,美国,黑客与画家,1
算法,编程,编程艺术,计算机,程序设计,算法与数据结构,programming,计算机科学,编程珠玑,1
计算机科学,计算机,编程,SICP,程序设计,经典,LISP,Scheme,计算机程序的构造和解释,1
数据挖掘,机器学习,算法,人工智能,集体智慧,编程,计算机,web2.0,集体智慧编程,1
Java,编程思想,TinkingInJava,编程,计算机,程序设计,经典,Programming,Java编程思想 （第4版）,1
传记,图灵,计算机,科学,人文,科普,计算机科学与技术,读书动机不纯,艾伦•图灵传,1
设计模式,软件工程,计算机,编程,软件开发,软件设计,程序设计,design,设计模式,1
机器学习,统计学习,统计,数据挖掘,统计学,数学,MachineLearning,计算机,统计学习方法,1
JavaScript,Web前端开发,前端开发,javascript,Web开发,前端,计算机,编程,JavaScript高级程序设计（第3版）,1
计算机,计算机科学,计算机原理,编程,编码,科普,底层探索,技术,编码,1
算法,算法导论,计算机,编程,经典,algorithm,计算机科学,程序设计,算法导论（原书第2版）,1
C,编程,c语言,计算机,程序设计,经典,programming,编程语言,C程序设计语言,1
编程,代码大全,软件开发,软件工程,计算机,程序设计,programming,代码,代码大全（第2版）,1
人工智能,科普,AI,复杂系统,计算机科学,集智,数学,复杂,科学的极致：漫谈人工智能,1
计算机系统,计算机,计算机科学,操作系统,编程,programming,程序员,OS,深入理解计算机系统,1
算法,计算机,编程,Algorithms,计算机科学,计算机-算法,经典,图灵程序设计丛书,算法（第4版）,1
设计模式,计算机,软件工程,编程,软件设计,Headfirst,java,软件开发,Head First 设计模式（中文版）,1
计算机,计算机科学概论,计算机科学,编程,计算机科学概论（第11版）,CS,教材,导论,计算机科学概论（第11版）,1
数据分析,python,编程,数据挖掘,Python,计算机,数据分析/挖掘,数据可视化,利用Python进行数据分析,1
c,编程,c语言,计算机,程序设计,经典,C,programming,C Primer Plus,1
数据结构,算法,计算机,C,编程,数据结构与算法分析,算法、数据结构,C语言,数据结构与算法分析,1
科普,逻辑,计算机,数学,计算机科学,哲学,计算机史,逻辑的引擎,逻辑的引擎,1
计算机,编码,计算机科学,编程,科普,经典,入门,programming,编码的奥秘,1
重构,软件工程,代码优化,编程,软件开发,计算机,经典,架构,重构,1
软件工程,项目管理,人月神话,计算机,软件开发,管理,经典,IT,人月神话,1
C++,编程,计算机,C++11,经典,编程语言,C/C++,程序设计,C++ Primer 中文版（第 5 版）,1
算法,Algorithms,编程,计算机科学,计算机,经典,Java,软件开发,算法,1
Linux,操作系统,计算机,鸟哥,Linux/Unix,IT,技术,linux,鸟哥的Linux私房菜.基础学习篇（第三版）,1
JavaScript,Web前端开发,O'Reilly,编程,web开发,计算机,web,javacript,JavaScript语言精粹,1
软件开发,编程,程序员,程序员修炼之道,计算机,软件工程,程序人生,programming,程序员修炼之道,1
HTTP,网络,互联网,计算机,协议,web,网络编程,Web,图解HTTP,1
性能优化,计算机,Linux,服务器,技术,操作系统,编程,经典,性能之巅,1
机器学习,python,算法,数据挖掘,MachineLearning,数据分析,计算机,统计学习,机器学习实战,1
HTML,CSS,前端,Web,编程,web前端,计算机,网页设计,代码入门,Head First HTML与CSS（第2版）,1
编程,代码整洁之道,Programming,软件工程,软件开发,计算机,编程实践,程序设计,代码整洁之道,1
数学,计算机科学,计算机,算法,编程,Math,CS,计算机技术,具体数学,1
架构,互联网,Web,计算机,网站,服务器,软件开发,编程,大型网站技术架构,1
编程,计算机,程序员,Programming,程序设计,内功心法,计算机科学,系统结构,程序员的自我修养,1
算法,编程之美,编程,面试,计算机,程序设计,微软,思维,编程之美,1
Android,编程,移动开发,入门,很适合初学者的一本书,计算机,android,程序设计,第一行代码,1
HTTP,网络,计算机,互联网,协议,web开发,基础理论,编程,HTTP权威指南,1
Java,并发,多线程,编程,java,计算机,线程,软件开发,Java并发编程实战,1
算法,算法导论,计算机,编程,计算机科学,经典,算法\u0026数学,程序设计,算法导论（原书第3版）,1
操作系统,计算机,计算机科学,OS,计算机系统,理论与技术,计算机技术,CS,现代操作系统,1
java,编程,Java,effective,程序设计,计算机,经典,软件开发,Effective java 中文版（第2版）,1
TCP/IP,网络,网络协议,计算机,经典,计算机科学,协议,network,TCP/IP详解 卷1：协议,1
unix,编程,Linux,计算机,programming,经典,程序设计,C,UNIX环境高级编程,1
iOS编程,iOS,iPhone开发,Objective-C,编程,编程语言,计算机,移动开发,iOS编程（第4版）,1
css,前端开发,Web开发,CSS,网页设计,前端,Web标准,web,精通CSS（第2版）,1
javascript,前端开发,JavaScript,dom,前端,编程,Web,web开发,JavaScript DOM编程艺术 （第2版）,1
前端开发,web,计算机,程序员,编程,fullstack,2015,内容丰富,Web全栈工程师的自我修养,1
密码学,密码,计算机,算法,安全,科普,编程,计算机科学,图解密码技术,1
MySQL,数据库,高性能MySQL,计算机,mysql,编程,IT,计算机科学,高性能MySQL,1
Python,编程,计算机,入门,python初学,编程语言,计算机科学,python,“笨办法”学Python（第3版）,1
软件工程,计算机,编程,程序设计,项目管理,计算机科学,programming,教育,构建之法,1
黑客,计算机,计算机文化,Hacker,互联网,历史,编程,文化,黑客,1
数据挖掘,数据科学,数据分析,机器学习,统计,计算机,大数据,数据,数据科学实战,1
jQuery,前端开发,JavaScript,web开发,编程,前端,计算机,锋利的jQuery,锋利的jQuery,1
Web开发,性能,Web,计算机,性能优化,互联网,web,编程,Web性能权威指南,1
思维,软件开发,编程,程序员的思维修炼,程序员,计算机,认知,编程艺术,程序员的思维修炼,1
推荐系统,数据挖掘,算法,机器学习,互联网,数据分析,人工智能,计算机,推荐系统实践,1
并发,编程,计算机,函数式编程,Programming,软件开发,编程艺术,Java,七周七并发模型,1
Python,编程,程序语言,计算机,programming,程序设计,python,开发,Python核心编程（第二版）,1
Redis,数据库,源码分析,计算机,redis,编程,database,软件开发,Redis设计与实现,1
c,Programming,编程,C语言,计算机,经典,程序设计,C,The  C Programming Language,1
数据分析,R,数据挖掘,统计,编程,计算机,数据可视化,计算机科学,R语言实战,1
JavaScript,犀牛书,Web前端开发,前端,Web开发,编程,计算机,javascript,JavaScript权威指南(第6版),1
C,C语言,编程,指针,计算机,程序设计,C/C++,Programming,C和指针,1
软件工程,项目管理,人月神话,软件开发,计算机,管理,团队,编程,人月神话,1
node.js,JavaScript,编程,Web,Node.js,计算机,nodejs,技术,深入浅出Node.js,1
计算机网络,网络,计算机,计算机科学,世界著名计算机教材精选,网络编程,Tanenbaum,CS,计算机网络,1
html,css,Web前端,web,计算机,web开发,设计,CSS,HTML & CSS设计与构建网站,1
C语言,C,程序设计,计算机,编程,C/C++,Programming,编程语言,C语言程序设计,1
计算机科学,计算机,ruby,编程,算法,计算机科学-语言与编译器,Programming,思维,计算的本质,1
C++,编程,计算机,程序设计,经典,C/C++,经典教材,经典之作,C++ Primer 中文版（第 4 版）,1
数据可视化,visualization,可视化,可视化数据,数据挖掘,Visualization,O'Reilly,英文原版,Beautiful Visualization,1
GitHub,编程,计算机,github,IT,软件工程,管理,软件开发,GitHub入门与实践,1
python,编程,Python,programming,计算机,编译原理,程序语言,脚本引擎,Python源码剖析,1
python,编程,程序设计,Python,脚本语言,计算机,programming,软件开发,Python基础教程,1
html,css,网页设计,HeadFirst,计算机,web,xhtml,互联网,Head First HTML与CSS、XHTML（中文版）,1
JavaScript,Web前端,性能,前端开发,前端,javascript,web开发,计算机,高性能JavaScript,1
离散数学,数学,计算机科学,计算机,编程基础,经典,科普,教材,离散数学及其应用（原书第5版）,1
Haskell,函数式编程,编程,计算机,编程语言,programming,程序设计,科普,Haskell趣学指南,1
C语言,编程,c,计算机,C专家编程,C,C/C++,程序设计,C专家编程,1
编译原理,计算机,计算机科学,编译,经典,编程,compiler,计算机理论,编译原理,1
游戏设计,游戏,游戏开发,游戏策划,设计,心理学,Design,game,全景探秘游戏设计艺术,1
c++,编程,C/C++,C++,计算机,程序设计,经典,Effective,Effective C++,1
flask,python,Python,web开发,web,计算机,编程,Web,Flask Web开发：基于Python的Web应用开发实战,1
开源,计算机,软件工程,思维,计算机科学,思想,IT,经典,大教堂与集市,1
JVM,Java,虚拟机,java,计算机,编程,软件开发,程序设计,深入理解Java虚拟机（第2版）,1
分布式,存储,大数据,架构,计算机,软件架构,distributed-system,编程,大规模分布式存储系统,1
分布式,ZooKeeper,Paxos,分布式一致性,计算机,distributed,zookeeper,软件架构,从Paxos到Zookeeper,1
互联网,淘宝,计算机,架构,IT,软件开发,软件工程,编程,淘宝技术这十年,1
SQL,数据库,计算机,编程,数据挖掘,学习,必知必会系列,工具书,SQL必知必会,1
机器学习,人工智能,计算机,数据挖掘,算法,AI,计算机科学,经典,机器学习,1
VIM,编程,计算机,工具,编辑器,Linux,Linux/Unix,计算机科学,Vim实用技巧,1
java,编程,HeadFirst,计算机,Java,软件开发,程序设计,programming,Head First Java（第二版·中文版）,1
UNIX,编程,编程艺术,计算机,文化,programming,linux,软件开发,UNIX编程艺术,1
敏捷开发,软件工程,设计模式,软件开发,敏捷,计算机,编程,agile,敏捷软件开发,1
java,Java,编程,java基础,计算机,程序设计,Programming,技术,Java核心技术·卷1：基础知识（原书第9版）,1
linux,编程,Linux/Unix,unix,Programming,计算机,Linux,C,Unix/Linux编程实践教程,1
面试,算法,程序员,计算机,编程,技术,码农,图灵程序设计丛书,程序员面试金典（第5版）,1
Excel,VBA,工具书,excel,计算机,编程,工具书\u0026教材,计算机科学：办公,别怕，Excel VBA其实很简单,1
c语言,编程,计算机,入门,C语言编程,程序设计,c,教程,C语言编程：一本全面的C语言入门教程（第三版）,1
Linux,kernel,操作系统,内核,计算机,linux,Linux/Unix,编程,Linux内核设计与实现,1
大数据,架构,算法,分布式架构,数据挖掘,计算机,机器学习,分布式存储,大数据日知录,1
JavaScript,前端开发,编程,javascript,计算机,闭包,Web,原型,你不知道的JavaScript（上卷）,1
数据挖掘,数据分析,机器学习,计算机,Data-Mining,算法,计算机科学,统计,数据挖掘导论,1
Android,android,编程,计算机,移动开发,软件开发,程序设计,图灵,android,Android编程权威指南,1
TCP/IP,网络,计算机网络,计算机,网络编程,计算机科学,图灵程序设计丛书,编程,图解TCP/IP : 第5版,1
程序员,职业素养,软件开发,计算机,编程,软件工程,Programming,思想,程序员的职业素养,1
javascript,dom,web开发,web,编程,JavaScript,脚本语言,计算机,JavaScript DOM编程艺术,1
Python,安全,黑客,hackers,计算机安全,Web,IT,软件工程,python黑帽子,1
正则表达式,编程,计算机,regex,正则,Programming,精通正则表达式第三版,编程基础,精通正则表达式,1
软件开发,软件工程,计算机,软件随想录,编程,程序员,随笔,方法论,软件随想录,1
python,数据分析,数据挖掘,Python,机器学习,计算机,MachineLearning,编程,Python for Data Analysis,1
UNIX,网络编程,网络,编程,计算机,linux,network,programming,UNIX网络编程,1
架构,企业架构,软件开发,软件工程,设计模式,计算机,模式,程序设计,企业应用架构模式,1
设计模式,编程,软件工程,计算机,软件工程\u0026设计模式,软件开发,软件设计,Pattern,大话设计模式,1
网络安全,安全,黑客,信息安全,互联网,计算机,web,Security,白帽子讲Web安全,1
编程,代码大全,Programming,软件开发,软件工程,计算机,程序设计,经典,代码大全,1
css,网页设计,CSS权威指南,Web标准,Web,CSS,O'Reilly,计算机,CSS权威指南（第三版）,1
软件架构,架构,编程,软件开发,软件工程,计算机科学,编程艺术,技术,程序员必读之软件架构,1
编程语言,编程,计算机,编程范式,Programming,程序设计,计算机科学,软件开发,七周七语言,1
程序设计,编程,计算机,程序设计实践,programming,经典,软件工程,计算机科学,程序设计实践,1
传记,游戏,DOOM,卡马克,编程,计算机,游戏引擎,人物,DOOM启世录,1
算法,Algorithm,计算机,计算机科学,编程,经典,programming,数学,算法导论,1
Python,编程,计算机,编程语言,python,Programming,coding,英文版,Learn Python the Hard Way,1
算法,算法/数据结构,计算机,编程,计算机科学,程序员,计算机科学-算法与数据结构,混口饭吃,算法的乐趣,1
Nginx,服务器,架构,计算机,编程,网络,网络编程,programming,深入理解Nginx,1
Java,架构,分布式,中间件,互联网,软件开发,java,计算机,大型网站系统与Java中间件开发实践,1
编程,程序设计,计算机,程序员,软件工程,Programming,代码首先得人读者爽,计算机科学,编写可读代码的艺术,1
算法,计算机,计算机程序设计艺术,经典,编程,Knuth,计算机科学,Programming,计算机程序设计艺术（第1卷）,1
操作系统,OS,计算机,计算机科学,计算机系统,编程,programming,英文,Operating Systems,1
Linux,C,编程,计算机,程序设计,programming,Linux/Unix,嵌入式,Linux C编程一站式学习,1
计算机,计算机原理,编码,计算机科普,编程,计算机科学,科普,美国,编码,1
Linux/Unix,Linux,操作系统,编程,计算机,程序设计,计算机科学,programming,Linux/UNIX系统编程手册,1
游戏引擎,游戏,编程,游戏编程,游戏开发,计算机,计算机图形学,C++,游戏引擎架构,1
Android,编程,进阶,Android进阶,技术,Programming,开发,码码码,Android开发艺术探索,1
web,架构,性能优化,Web开发,互联网,性能,网站建设,计算机,构建高性能Web站点,1
图灵,计算机,计算机科学,数学,人工智能,传记,计算理论,思维,图灵的秘密,1
C语言,编程,c,C,计算机,经典,C/C++,程序设计,C陷阱与缺陷,1
JavaScript,web开发,O'Reilly,JavaScript权威指南(第五版),web,计算机,网页设计,Ajax,JavaScript权威指南,1
scheme,LISP,函数式编程,编程,programming,计算机,计算机科学,FP,The Little Schemer - 4th Edition,1
Python,编程,入门,计算机,programming,python,教程,简洁,A Byte of Python,1
programming,编程,程序设计,计算机,计算机科学,Programming,经典,C,The Practice of Programming,1
Web开发,网站优化,Web前端,性能,Web,前端,互联网,技术,高性能网站建设指南,1
数据库,mysql,SQL,MySQL,计算机,Database,编程,技术,MySQL必知必会,1
程序设计语言,编程,计算机,程序设计,Programming,编译原理,计算机科学,计算机软件和理论,程序设计语言,1
docker,虚拟化,计算机,Docker,云计算,编程,Linux,计算机科学,第一本Docker书,1
数学,编程,程序员的数学,计算机,算法,程序员,计算机科学,软件开发,程序员的数学,1
mac,计算机,池建强,杂文,Mac,互联网,编程,Apple,MacTalk 人生元编程,1
算法,编程,ACM竞赛,ACM,计算机,计算机科学,programming,Algorithms,挑战程序设计竞赛（第2版）,1
Web,性能,web开发,前端,优化,互联网,JavaScript,架构,高性能网站建设进阶指南,1
面试,求职,算法,编程,计算机,剑指Offer,programming,IT,剑指Offer,1
Unix,编程,Linux/Unix,程序设计,计算机,C,计算机科学,UNIX,UNIX环境高级编程（第3版）,1
PHP,web开发,mysql,编程,web,计算机,LAMP,Programming,PHP和MySQL Web开发(原书第4版),1
C++,STL,编程,侯捷,算法,数据结构,计算机,C/C++,STL源码剖析,1
C++,编程,C/C++,计算机,编程语言,经典,程序设计,programming,C++语言的设计和演化,1
数据结构,算法,Java,算法、数据结构,计算机,编程,java,程序设计,数据结构与算法分析,1
C语言,C,编程,程序设计,计算机,Programming,软件开发,编程语言,C语言程序设计现代方法,1
R,数据分析,编程,R语言,数据挖掘,程序设计,计算机,计算机科学,R语言编程艺术,1
编程,计算机,程序员,思维,思想,编程艺术,IT,自我管理,程序员的呐喊,1
git,版本控制,版本管理,软件开发,计算机,Git,programming,工具,Pro Git,1
计算机网络,TCP/IP,计算机,计算机科学,网络,因特网,网络原理,编程,计算机网络（第6版）,1
计算机,计算机系统,计算机科学,系统结构,计算机系统要素,计算机基础,编程,硬件,计算机系统要素,1
linux,kernel,操作系统,内核,Linux,计算机,深入Linux内核架构,计算机科学,深入Linux内核架构,1
编程,编程范式,程序设计,计算机,软件开发,programming,软件工程,设计模式,冒号课堂,1
R,数据科学,统计,数据分析,编程,工具书,大数据,编程语言,数据科学中的R语言,1
programming,编程,程序员修养,计算机,Pragmatic,软件开发,程序设计,计算机科学,The Pragmatic Programmer,1
调试,Debug,编程,计算机,Programming,调试九法,程序设计,debug,调试九法,1
数据结构,算法,计算机,编程,程序设计,大话,程杰,计算机/编程,大话数据结构,1
mysql,数据库,MySQL,性能,计算机,Database,优化,O'Reilly,高性能MySQL,1
计算机网络,网络,计算机,Network,计算机科学,自顶向下,教材,互联网,计算机网络（第4版）,1
Java,性能优化,性能,JVM,优化,java,编程,计算机,Java性能优化权威指南,1
Java语言程序设计,Java,计算机/编程,编程,程序设计,java,计算机,java编程,Java语言程序设计,1
计算机,Code,Programming,编程,科普,原理,计算机科学,编码素养,Code,1
css,网页设计,Web设计,Web标准,web,设计,交互设计,design,CSS禅意花园,1
Linux,kernel,操作系统,内核,计算机,OS,Linux/Unix,programming,深入理解LINUX内核,1
安全,web,信息安全,黑客,前端,计算机,hack,前端开发,Web前端黑客技术揭秘,1
敏捷开发,编程,程序员,软件开发,软件工程,方法论,计算机,programming,高效程序员的45个习惯,1
函数式,函数式编程,编程,计算机,编程艺术,计算机科学,计算机理论,编程语言,函数式编程思维,1
UNIX,网络编程,网络,编程,linux,计算机,Network,programming,UNIX网络编程 卷1：套接字联网API（第3版）,1
Objectiv-C,iOS,编程,入门,Objective-C,基础,计算机,iPhone,Objective-C编程,1
编程,python,儿童教育,计算机,程序设计,Python,Programming,教育,与孩子一起学编程,1
网络编程,C++,Linux,多线程,编程,计算机,Networks,Programming,Linux多线程服务端编程,1
Python,Programming,python,编程,进阶,FP,programming,編程語言,Fluent Python,1
数学,具体数学,计算机科学,算法,计算机,knuth,算法基础,经典,具体数学（英文版第2版）,1
算法,hacker,编程,计算机,programming,计算机科学,程序设计,思考,Hacker's Delight,1
linux,kernel,操作系统,内核,计算机,Linux,深入理解LINUX内核(第三版),编程,深入理解LINUX内核(第三版),1
programming,计算机,SICP,编程,计算机科学,lisp,scheme,MIT,Structure and Interpretation of Computer Programs - 2nd Edition (MIT),1
Redis,数据库,NoSQL,技术,计算机,编程,中文版,redis,Redis实战,1
计算机,计算机科学,科普,编程,计算机组成原理,好书，值得一读,CS,矢泽久雄,计算机是怎样跑起来的,1
R,数据分析,可视化,统计学,ggplot2,R语言,统计,图形化,ggplot2,1
思维,算法,数学,计算机,编程,求解,策略,计算机科学,如何求解问题,1
算法,编程,计算机,数据结构与算法,科普,有趣,Algorithm,程序员,啊哈!算法,1
数据库,Database,计算机,计算机科学,索引算法,实现,DBMS,编程,数据库系统实现,1
搜索引擎,信息检索,互联网,数据挖掘,搜索,算法,计算机,机器学习,这就是搜索引擎,1
数学,科普,微积分,数学史,历史,微积分历史,图灵新知,半学术休闲读物,微积分的历程,1
信息检索,搜索引擎,数据挖掘,IR,计算机,算法,计算机科学,文本分类,信息检索导论,1
计算机,计算机科学,计算机系统,操作系统,系统体系结构,CSAPP,计算机结构,Programming,深入理解计算机系统,1
JavaScript,设计模式,前端开发,Web前端开发,编写高质量代码,javascript,web前端,编程,JavaScript模式,1
计算机科学,计算机,编程,计算机科学-底层硬件,计算机组成原理,✔自学编程,计算机系统,本质,程序是怎样跑起来的,1
Linux,Shell,Command-line,计算机,bash,编程,命令行,linux,The Linux Command Line,1
Android,android,编程,计算机,内核,Linux,软件开发,计算机技术,Android系统源代码情景分析,1
JavaScript,Web前端开发,web开发,前端开发,Web,javascript,O'Reilly,编程,基于MVC的JavaScript Web富应用开发,1
C,Linux,编程,C语言,计算机,国产好书,programming,宋劲彬,一站式学习C编程,1
软件测试,计算机,测试,软件工程,入门,软件测试第二版,Test,软件,软件测试,1
软件架构,软件工程,架构,软件开发,架构设计,程序设计,计算机,领域模型,恰如其分的软件架构,1
网络安全,黑客,安全,计算机,WEB渗透,互联网,Web,Security,黑客攻防技术宝典（第2版）,1
C#,CLR,.Net,编程,软件开发,.NET,计算机,微软,CLR via C#,1
敏捷开发,用户故事,敏捷,软件工程,需求分析,产品经理,软件开发,Agile,用户故事与敏捷方法,1
Python,python,编程,編程語言,技术,软件开发,工程,Python美女蛇,Python高手之路,1
c,编程,计算机,C语言,经典,programming,K\u0026R,C,C程序设计语言,1
计算机科学,Knuth,数学,思维,计算机,研究,思想,科普,研究之美,1
汇编语言,汇编,计算机,编程,王爽,计算机科学,Assembly,程序设计,汇编语言（第2版）,1
Java,TinkingInJava,编程,计算机,Programming,经典,程序设计,java,Thinking in Java,1
软件工程,持续交付,敏捷开发,项目管理,软件开发,IT,agile,计算机,持续交付,1
java,HeadFirst,编程,Java,计算机,programming,編程,O'Reilly,Head First Java,1
Python,编程,cookbook,Programming,python,计算机,程序设计,软件开发,Python Cookbook,1
JAVA,疯狂java,计算机,李刚,编程,入门,Java,讲义,疯狂Java讲义,1
数据挖掘,数据之美,数据,数据分析,计算机,数据可视化,visualization,算法,数据之美,1
Docker,golang,计算机,programming,池健强推荐,编程,docker,Linux,Docker源码分析,1
python,编程,Python,计算机,程序设计,Programming,计算机科学,IT,Head First Python（中文版）,1
JavaScript,React,前端开发,前端,Web前端,计算机,react,javascript,React,1
正则表达式,计算机,编程,正则,Regex,programming,regexp,软件开发,正则表达式必知必会,1
数据挖掘,数据分析,计算机,算法,计算机科学,教材,数据,编程,数据挖掘,1
软件工程,项目管理,管理,软件开发,计算机,人件,IT,PM,人件,1
科普,数学,计算机科学,P/NP,计算机,算法,NP问题,数学科普,可能与不可能的边界,1
算法,algorithm,计算机科学,计算机,Algorithms,数学,CS,思想与逻辑,Algorithms,1
C++,编程,计算机,C/C++,经典,程序设计,programming,对象,深度探索C++对象模型,1
Android,安全,逆向工程,移动开发,计算机,android,计算机安全,编程,Android软件安全与逆向分析,1
编程,松本行弘,计算机,编程语言,计算机科学,Programming,软件开发,IT,代码的未来,1
Hadoop,MapReduce,云计算,分布式,大数据,源码分析,Hadoop技术内幕,hadoop,Hadoop技术内幕,1
软件测试,测试,Google,计算机,测试方法,软件工程,软件开发,计算机科学,Google软件测试之道,1
javascript,设计模式,JavaScript,前端技术,前端开发,web,Web开发,js,JavaScript设计模式,1
面向对象,软件工程,软件设计,UML,设计模式,编程,计算机,程序设计,面向对象分析与设计,1
软件开发,程序员,效率,编程,思维,计算机,programming,程序设计,卓有成效的程序员,1
C++,编程,C/C++,计算机,经典,侯捷,程序设计,C++经典,Effective C++,1
计算机,组成原理,体系结构,计算机科学,计算机系统,计算机组成,硬件,经典,计算机组成与设计硬件/软件接口,1
编译原理,编程语言,程序设计,编程,计算机,计算机科学,设计模式,Programming,编程语言实现模式,1
数据库,软件开发,编程,计算机,Programming,数据库原理,程序设计,软件工程,七周七数据库,1
计算机,计算机科学,计算机科学概论,导论,导论书籍,CS,程序设计,理论,计算机科学导论,1
操作系统,计算机,OS,编程,底层,计算机科学,programming,开发,Orange'S:一个操作系统的实现,1
Spring,Java,框架,Web开发,J2EE,计算机,Framework,spring,Spring揭秘,1
NoSQL,数据库,计算机,大数据,database,非关系型数据库,编程,软件开发,NoSQL精粹,1
JavaScript,前端开发,设计模式,编程,前端,Web前端,程序设计,计算机,JavaScript设计模式与开发实践,1
LaTeX,排版,数学,写作,计算机,工具,待购买,编程,LaTeX入门,1
数据库,数据库系统概念,计算机,计算机科学,数据库-基础,编程,database,计算机科学丛书,数据库系统概念,1
算法,计算机,数据结构与算法,Algorithm,编程,计算机科学,基础理论,技术,算法设计与分析基础,1
programming,编程,软件开发,程序设计,计算机,软件工程,agile,敏捷开发,Clean Code,1
软件工程,计算机,程序设计,非常期待的书籍,软件测试,编程,程序员,内功心法,构建之法（第二版）,1
算法,计算机科学,编程,计算机,数学,Programming,programming,程序,算法心得：高效算法的奥秘（原书第2版）,1
Java,编程,计算机,程序设计,Java开发,java,编程语言,IT,JAVA核心技术（卷1）,1
Android,编程,计算机,android,互联网,范老师,大牛之作,计算机技术,Android开发精要,1
Objective-C,iOS,编程,计算机,程序设计,programming,iOS进阶,編程語言,Effective Objective-C 2.0,1
操作系统,计算机,编程,OS,计算机科学,汇编语言,计算机技术,自制,30天自制操作系统,1
重构,编程,代码,软件开发,计算机,programming,程序设计,软件工程,修改代码的艺术,1
C语言,入门,编程,计算机,C,编程语言,经典教材,程序语言,C语言入门经典,1
Ruby,元编程,编程,动态语言,计算机,Programming,ruby,程序设计,Ruby元编程,1
人物传记,Linus,传记,计算机,Linux,黑客,linux,程序人生,只是为了好玩,1
Java,分布式,架构,程序设计,编程,java,软件开发,计算机,分布式Java应用,1
管理,项目管理,温伯格,方法论,软件工程,领导,软件开发,技术,成为技术领导者,1
编程,程序员,计算机,传记,思维,Programming,软件开发,软件工程,编程人生,1
javascript,JavaScript,前端开发,前端,Jquery,Web开发,Programming,web,Secrets of the JavaScript Ninja,1
python,Python,编程,Programming,计算机,程序设计,编程语言,软件工程,编写高质量代码：改善Python程序的91个建议,1
代码风格,代码整洁,程序设计,编程,重构,计算机,programming,软件开发,代码整洁之道,1
传记,linux,Linus,计算机,自传,人物,Linux,FUN,Just for Fun,1
C++,编程,计算机,程序设计,C/C++,经典,大师之作,programming,C++程序设计语言（特别版）,1
linux,kernel,操作系统,内核,Linux,计算机,Linux内核源代码情景分析,OS,Linux内核源代码情景分析（上册）,1
算法,数学,计算机科学,计算机,科普,编程,algorithms,programming,迷茫的旅行商,1
JavaScript,jQuery,前端,前端开发,Web开发,web开发,js,编程,jQuery 技术内幕,1
机器学习,R,数据挖掘,计算机,数据分析,统计,机器学习：实用案例解析,R语言,机器学习,1
JVM,Java,虚拟机,深入Java虚拟机,计算机,java,java虚拟机,编程,深入理解Java虚拟机,1
人工智能,AI,计算机,计算机科学,算法,编程,智能,数学,人工智能,1
linux,Programming,Linux,编程,Linux/Unix,计算机,操作系统,Linux|Unix,The Linux Programming Interface,1
python,编程,Programming,计算机,Python,编程语言,O'Reilly,入门,Python学习手册,1
编程语言,编程,程序设计,计算机,编程艺术,编译原理,Programming,进阶,代码之髓,1
设计模式,Design,pattern,计算机,软件工程,Java,编程,patterns,Head First Design Patterns,1
操作系统,计算机,计算机科学,OS,经典,ComputerSystem,计算机技术,Computer,操作系统,1
Android,设计模式,编程,2015,Programming,准备,开发,Android 源码设计模式解析与实战,1
算法,algorithms,计算机科学,计算机,算法\u0026数据结构,Algorithms,编程,Programming,Algorithms,1
iOS,Objective-C,iOS开发,唐巧,编程,iOS编程,iPhone开发,技术,iOS开发进阶,1
JAVA,JDK8,Java,编程,计算机,程序设计,Programming,软件开发,写给大忙人看的Java SE 8,1
软件工程,设计,计算机,软件设计,思想,经典,程序设计,计算机理论,设计原本,1
Maven,Java,系统构建\u0026自动化,编程,软件工程,计算机,软件开发,敏捷开发,Maven实战,1
程序设计,scheme,计算机,编程,lisp,计算机科学,程序设计方法（中文版）,programming,程序设计方法（中文版）,1
计算机科学,CSAPP,计算机,Programming,计算机基础,CS,Systems,系统,Computer Systems,1
计算机,计算机科学,计算机结构,计算机组成,体系结构,组成原理,tanenbaum,Computer.Architecture,计算机组成：结构化方法,1
C,程序设计,接口,C语言,计算机,C/C++,API,programming,C语言接口与实现,1
数据库,计算机,Database,数据库系统概念,计算机科学,教材,编程,经典,数据库系统概念,1
JavaScript,前端开发,Web开发,编程,计算机,javascript,O'Reilly,Programming,JavaScript语言精粹,1
Linux\u0026UNIX,linux,操作系统,unix,计算机,Linux,教材,计算机技术,Unix & Linux大学教程,1
Webkit,浏览器内核,html5,web前端,计算机,JavaScript,技术浏览器,web,WebKit技术内幕,1
Python,数据分析,贝叶斯,统计学,统计,数学,数据挖掘,编程,贝叶斯思维：统计建模的Python学习法,1
Linux,kernel,操作系统,内核,计算机,linux,Linux/Unix,Programming,Linux Kernel Development,1
python,逆向工程,安全,黑客,编程,计算机,Python,programming,Python灰帽子,1
python,编程,Python,计算机,programming,统计,挪威,编程/算法,Python基础教程（第2版•修订版）,1
Go,golang,计算机,程序设计,programming,Kernighan,编程,Programming,The Go Programming Language,1
编程语言,编译原理,编程,计算机,计算机科学,编译器,程序设计,Programming,自制编程语言,1
健康,IT,从业人员健康,健身,运动,计算机,程序人生,计算机科学,程序员健康指南,1
C语言,C语言程序设计,计算机,编程,程序设计,C,教材,教科书,C语言程序设计,1
python,Python,编程,计算机,Programming,脚本语言,程序设计,听说很NB，留个记号。,Python标准库,1
MongoDB,数据库,nosql,NoSQL,O'Reilly,计算机,编程,Web,MongoDB权威指南,1
Ruby,编程,松本行弘,计算机,程序设计,Programming,软件开发,IT,松本行弘的程序世界,1
JavaScript,前端,Web开发,计算机,编程,前端开发,programming,Web,Effective JavaScript,1
Java,concurrency,并发,programming,编程,计算机,并发程序设计,并行,Java Concurrency in Practice,1
SQL,数据库,数据库设计,计算机,反模式,编程,DataBase,计算机科学,SQL反模式,1
Java,java,编程,程序设计,计算机,Programming,计算机科学,编程语言,Java核心技术（卷2）：高级特性（原书第9版）,1
Performance,web,Networking,HTTP,Web,计算机,O'Reilly,性能,High Performance Browser Networking,1
算法,计算机,科普,科技,编程,思维,互联网,计算机科学,算法帝国,1
Scala,编程,Program,Programming,混口饭吃,编程,烂书一本，连fp的基本概念都没讲，能叫编程思想,程序设计,Scala编程思想（原书第2版）,1
python,编程,Python,计算机,程序设计,O'Reilly,Programming,计算机/编程,Python学习手册（第4版）,1
编程,高效能程序员,编程修养,软件开发,软件工程,计算机,思维,程序设计,高效能程序员的修炼,1
自然语言处理,NLP,数据挖掘,机器学习,编程,生产力,计算机,非C++,驾驭文本,1
项目管理,软件工程,管理,团队管理,软件开发,计算机,IT,创业、研发、管理、项目管理、团队管理、规范,走出软件作坊,1
Matlab,数学,编程,算法,计算机,理工,math,科学技术,高等应用数学问题的MATLAB求解,1
架构,设计,框架,API,编程,软件开发,计算机,Java,软件框架设计的艺术,1
spring,Java,Spring,编程,计算机科学,计算机,互联网,计算机专业书籍,Spring实战（第3版）,1
程序设计,编程,Programming,计算机,软件开发,编程方法论,实践,计算机科学,程序设计实践,1
git,版本控制,Git,计算机,软件开发,软件工程,编程,Git官方推荐,Git权威指南,1
programming,软件工程,编程,计算机,程序设计,SoftwareEngineering,coding,软件开发,Code Complete,1
算法,程序设计,计算机科学,计算机,经典,编程,Knuth,Algorithm,计算机程序设计艺术（第1卷）,1
算法,计算机科学,编程,algorithm,计算机,Algorithm,Programming,ComputerScience,算法设计手册,1
计算机,计算机科学,科普,计算机入门知识,系统结构,计算机系统,编程,经典,穿越计算机的迷雾,1
javascript,JavaScript权威指南(第4版),web,O'Reilly,WEB开发,计算机,编程,网页设计,JavaScript 权威指南,1
javascript,Web,JavaScript,ppk,编程,PPK谈JavaScript,计算机,网页设计,ppk谈JavaScript,1
Python,算法,Algorithm,python,计算机,计算机科学,Programming,Algorithms,Python Algorithms,1
Linux,性能,performance,system,Performance,Programming,操作系统,计算机,Systems Performance,1
programming,编程,程序员,计算机,Coders,访谈,传记,计算机科学,Coders at Work,1
Objective-C,iOS,iOS进阶,编程,计算机,编程语言,软件开发,程序设计,Objective-C高级编程,1
javascript,JavaScript,前端开发,web,programming,编程,计算机,Web开发,JavaScript: The Good Parts,1
C++,stl,编程,C/C++,计算机,程序设计,programming,侯捷,C++标准程序库,1
计算机,计算机科学概论,计算机科学,科普,计算机科学基础,CS,美国,要买的书单,计算机科学概论,1
计算机,科普,计算机科学,互联网,IT,计算机科普,入门,技术,世界是数字的,1
Node.js,JavaScript,Web开发,后端开发,计算机,编程,Web,后端,Node.js开发指南,1
算法,Algorithms,计算机,计算机科学,编程,algorithm,programming,经典,Introduction to Algorithms, 3rd Edition,1
金融,数据分析,R,数据挖掘,量化,统计,编程,Programming,金融数据分析导论：基于R语言,1
tcp/ip,网络,网络协议,计算机,TCP/IP,编程,TCP:IP,Network,TCP/IP详解 卷2：实现,1
R语言,统计,R,统计学,数据分析,数学,统计分析,建模,统计建模与R软件,1
JavaScript,前端,Web开发,Web前端开发,前端开发,javascript,编程,计算机,编写可维护的JavaScript,1
javascript,周爱民,JavaScript,JAVASCRIPT语言精髓与编程实践,编程,web,程序设计,动态语言,JAVASCRIPT语言精髓与编程实践,1
软件测试,测试,软件测试的艺术,计算机,软件工程,Test,IT,编程,软件测试的艺术,1
编译原理,编译器,计算机,计算机科学,Compiler,编译器设计必看之书,编译,编程,编译器设计,1
Python,cousera,Programming,程序设计,入门,计算机,编程,Coursera,Python for Informatics,1
Android,Andriod源码分析,计算机,编程,android,计算机科学,移动互联网,程序设计,深入理解Android,1
C++,编程,C/C++,经典之作,面向对象,深度探索C++对象模型,计算机,programming,深度探索C++对象模型,1
面试,programming,interview,编程,计算机,算法,计算机科学,Programming,Cracking the Coding Interview,1
Linux,shell,编程,计算机,linux,操作系统,Shell,Linux/Unix,Linux命令行与shell脚本编程大全,1
C++,泛型,设计模式,编程,模板编程,C/C++,generic-programming,计算机,C++设计新思维,1
Python,Programming,计算机,程序设计,数据处理,scraping,计算机与数据科学,编程,Web Scraping with Python,1
Ruby,元编程,Programming,编程,计算机,程序设计,函数式,动态语言,Ruby元编程（第2版）,1
程序人生,小说,程序员,励志,IT,疯狂的程序员,计算机,软件开发,疯狂的程序员,1
Java,并发,并发编程,concurrency,多线程,编程,计算机,java,JAVA并发编程实践,1
搜索引擎,信息检索,计算机,计算机科学,IR,自然语言处理,编程,技术,搜索引擎,1
iOS,Objective-C,计算机,iOS进阶,开发,Apple,编程,移动开发,iOS编程实战,1
项目管理,管理,软件工程,产品经理,计算机,pm,项目管理之美,思想,项目管理之美,1
mysql,数据库,数据库调优,性能,MySQL,计算机,database,简朝阳,MySQL性能调优与架构设计,1
JavaScript,前端,ECMAScript6,计算机,Javascript,编程,程序设计,Web,ECMAScript6入门,1
Programming,计算机科学,编程,程序语言设计理论,程序设计,language,Compiler,计算机,Programming Language Pragmatics, Third Edition,1
c语言,编程,计算机,C,HeadFirst,图灵程序设计丛书,程序设计语言,编程设计,嗨翻C语言,1
iOS,编程,Swift,计算机,swift,程序设计,软件开发,技术,The Swift Programming Language,1
programming,程序设计,编程,计算机,软件工程,C,Programming,c,Writing Solid Code,1
Python,programming,python,计算机,Programming,编程,美国,英文版,Python Cookbook,1
Linux,服务器,计算机,鸟哥的Linux私房菜,服务器架设篇,Linux/Unix,操作系统,linux,鸟哥的Linux私房菜,1
shell,linux,Linux,Shell,Linux/Unix,计算机,编程,Programming,Linux Shell脚本攻略,1
python,编程,Python,计算机,像计算机科学家一样思考,Programming,程序设计,软件开发,像计算机科学家一样思考Python,1
图形学,游戏编程,计算机图形学,Graphics,real-timeRender,游戏开发,CG,计算机,Real-Time Rendering, Third Edition,1
算法,algorithm,计算机,Programming,算法导论,数学,编程,cs,Introduction to Algorithms,1
算法,计算机,algorithm,计算机科学,算法设计,编程,算法、数据结构,数学,算法引论,1
网络,tcp/ip,网络协议,计算机,TCP/IP,协议,TCP:IP,Network,TCP/IP详解 卷3：TCP事务协议、HTTP、NNTP和UNIX域协议,1
编译原理,虎书,C,计算机科学,计算机,compiler,编译器,编译理论,现代编译原理,1
C++,Programming,C/C++,C++11,计算机,编程,程序设计,effective,Effective Modern C++,1
代码大全,编程,程序设计,programming,软件开发,计算机,经典,软件工程,代码大全,1
编程,算法,编程珠玑,计算机,程序设计,programming,编程基本功,经典,编程珠玑(第二版),1
IT,成长,励志,计算机,我是一只IT小小鸟,学习,求职,计算机专业,我是一只IT小小鸟,1
编程,计算机科学-数据可视化,processing,计算机科学,计算机,模拟,programming,游戏设计,代码本色：用编程模拟自然系统,1
前端开发,Web开发,跨终端,移动,前端,JavaScript,移动开发,Web,跨终端Web,1
逆向工程,计算机,信息安全,程序设计,编程,安全,黑客,韩国,逆向工程核心原理,1
R,统计,数据分析,statistics,编程,Programming,R语言,计算机,R in Action,1
scala,Programming,编程,Scala,编程语言,软件开发,Java,程序设计,快学Scala,1
javascript,dom,web开发,JavaScript,前端技术,前端开发,编程,web,JavaScript DOM高级程序设计,1
java,jvm,虚拟机,深入Java虚拟机,Java,计算机,编程,软件开发,深入Java虚拟机(原书第2版),1
项目管理,管理,IT管理,软件工程,软件开发,IT,计算机,思想,门后的秘密,1
计算机,体系结构,计算机体系结构,计算机科学,Architecture,系统结构,经典,CS,计算机体系结构,1
计算机,计算机科学,计算机体系结构,操作系统,经典,计算机系统,编程,Computer-Science,深入理解计算机系统（英文版·第2版）,1
RESTful,Web,WebServices,web开发,rest,架构,软件开发,O'Reilly,RESTful Web Services中文版,1
HTML,CSS,web,web开发,设计,Design,计算机,css,HTML and CSS,1
密码学,计算机,信息安全,算法,应用密码学,密码学理论,计算机科学,编程,应用密码学,1
java,编程,effective,计算机,软件开发,programming,程序设计,Java,Effective Java 中文版,1
Python,设计模式,编程,程序设计,Programming,自我修练,Python3,计算机科学,Python编程实战,1
C语言,编程入门,编程,计算机,逻辑思维,编程，C,C/C++,科普,啊哈C！思考快你一步,1
软件测试,移动测试,互联网,测试,大话移动APP测试：Android与,IT,移动,Android,大话移动APP测试：Android与 iOS应用测试指南,1
SQL,数据库,计算机,编程,HeadFirst,深入浅出SQL,O'Reilly,数据分析,深入浅出SQL（中文版）,1
数据挖掘,社交网站,数据分析,互联网,统计学,机器学习,web2.0,social_media,社交网站的数据挖掘与分析,1
游戏开发,人工智能,AI,游戏,编程,游戏编程,game,游戏人工智能编程案例精粹,游戏人工智能编程案例精粹,1
敏捷开发,软件工程,项目管理,软件开发,agile,敏捷,计算机,programming,敏捷开发的艺术,1
iOS,Objective-C,Programming,编程,计算机,苹果,假装是大牛,移动互联网,iOS Programming,1
TDD,测试驱动,敏捷开发,软件工程,软件开发,编程,测试,计算机,测试驱动开发,1
计算机图形学,图形学,Graphics,RayTracing,CG,游戏编程,计算机科学,Programming,Physically Based Rendering, Second Edition,1
领域驱动设计,软件工程,软件架构,程序设计,软件开发,架构,领域驱动,计算机,领域驱动设计,1
Node.js,nodejs,JavaScript,web开发,node.js,编程,node,前端开发,Node.js实战,1
UNIX,编程,programming,计算机,Linux,Linux/Unix,程序设计,经典,UNIX编程环境,1
Linux,程序设计,编程,计算机,Programming,C,linux,操作系统,Linux程序设计,1
计算机,传记,计算机科学,技术史,计算机大师,科普,计算机科普,IT,奇思妙想,1
Python,编程,O'Reilly,programming,计算机,python,计算机科学,计算机/编程,Learning Python,1
交互设计,移动ui,产品设计,设计,用户体验,UI,移动应用,移动互联网,移动应用UI设计模式,1
前端开发,编程,web开发,软件开发,programming,软件工程,技术,前端,轻量级Web应用开发,1
软件工程,软件开发,编程,计算机,Programming,记实,代码,软件,梦断代码,1
Windows编程,Windows,编程,操作系统,计算机,C++,程序设计,Programming,Windows核心编程(第5版),1
python,自然语言处理,NLP,数据挖掘,Python,自然语言,计算机,计算机科学,Python自然语言处理,1
JavaScript,前端,前端开发,SPA,web,计算机,JS,Ajax,单页Web应用,1
数据挖掘,R语言,R,数据分析,统计,计算机,Data_Mining,数据可视化,数据挖掘与R语言,1
Objective-C,iOS,编程,软件开发,Programming,Effective,计算机,iOS进阶,Effective Objective-C 2.0,1
Java,并发,技术,java,编程,技术类,2015,中,Java并发编程的艺术,1
html5,前端开发,HTML5,web,web开发,CSS3,计算机,Web,HTML5秘籍,1
C++,programming,计算机,编程,程序设计,c/c++,Bruce.Eckel,经典,Thinking in C++,1
Web开发,架构,web,分布式,互联网,服务器,计算机,软件开发,大规模Web服务开发技术,1
项目管理,管理,软件工程,产品经理,计算机,项目,管理学,project,项目管理艺术,1
c++,stl,编程,C/C++,C++,计算机,Programming,程序设计,Effective STL中文版,1
JavaScript,异步,前端开发,Web开发,编程,计算机,javascript,程序设计,JavaScript异步编程,1
R,统计,数据分析,计算机,Programming,λ,豆瓣,数据挖掘,Advanced R,1
processing,编程,Programming,新媒体艺术,交互,设计,Processing,计算机科学,The Nature of Code,1
C++,c++,programming,编程,计算机,C/C++,经典,Design,The Design and Evolution of C++,1
并行编程,parallel,Programming,多核,编程,计算机,linux,synchronization,Is Parallel Programming Hard, And, If So, What Can You Do About It?,1
软件调试,汇编,调试,计算机,编程,技术,张银奎,Debug,格蠹汇编,1
设计模式,架构,Martin_Fowler,pattern,architecture,软件工程,编程,计算机,Patterns of Enterprise Application Architecture,1
JavaScript,前端,编程,计算机,技术,思维,前端开发,web开发,Eloquent JavaScript (2 Edition),1
netty,Java,nio,java,编程,架构,2015,计算机,Netty权威指南（第2版）,1
网络编程,服务器,Linux,高性能,linux,Linux/Unix,计算机,编程,Linux高性能服务器编程,1
javascript,编程,web,JavaScript,技术,programming,js,程序设计,JavaScript,1
netty,java,网络编程,network,计算机,Framework,programming,网络,Netty in Action,1
设计模式,软件开发,设计,设计模式之禅,软件工程,计算机,编程,架构,设计模式之禅,1
AngularJS,JavaScript,前端开发,Web开发,编程,Frontend,计算机,科技,精通AngularJS,1
hacker,计算机,创业,计算机科学,programming,paulgraham,软件开发,startup,Hackers and Painters,1
编译原理,编译器,ANTLR,compiler,programming,程序设计,DSL,编程,Language Implementation Patterns,1
设计模式,软件工程,计算机,编程,Pattern,design,Programming,设计,深入浅出设计模式（影印版）,1
软件开发,职业生涯,程序员,编程,计算机,软件开发者路线图,软件工程,programming,软件开发者路线图,1
C++,编程,计算机,C/C++,经典,programming,Effective,侯捷,Effective C++中文版,1
Programming,编程语言,计算机科学,scheme,编程,ProgramLanguages,计算机,lisp,Essentials of Programming Languages, 3rd Edition,1
python,科学计算,编程,Python,计算机,算法,Programming,编程语言,Python科学计算,1
Linux,kernel,操作系统,内核,计算机,编程,os,Linux/Unix,Linux内核设计与实现,1
PHP,面向对象,设计模式,Web开发,模式,编程,php,计算机,深入PHP：面向对象、模式与实践（第3版）,1
数据结构,算法,C++,计算机,数据结构与算法,编程,Algorithm,算法分析,数据结构与算法分析,1
数据挖掘,大数据,互联网,数据分析,机器学习,计算机,计算机科学,数据,大数据,1
C#,.NET,编程,计算机,软件开发,Programming,程序设计,编程能力,深入理解C#（第2版）,1
数学,科普,思维,数学科普,kindle,编程,新书,教育,浴缸里的惊叹,1
机器学习,数据挖掘,MachineLearning,数据分析,DataMining,计算机科学,计算机,ML\u0026DM,Learning From Data,1
MongoDB,数据库,nosql,计算机,编程,大数据,Web,图灵程序设计丛书,MongoDB实战,1
单片机,单片机入门,电子,C51,专业,计算机,硬件编程,自动化,新概念51单片机C语言教程,1
项目管理,软件工程,管理,小说,软件开发,计算机,PM,IT,最后期限,1
sql,数据库,SQL,计算机,入门,SQL必知必会,Database,技术,SQL 必知必会（第3版）,1
Objective-C,iOS,编程,移动开发,计算机,编程语言,技术提升,软件开发,Objective-C 程序设计,1
编程,程序设计,代码之美,计算机,编程艺术,软件开发,programming,代码,代码之美,1
加密与解密,安全,看雪学院,信息安全,计算机,逆向工程,security,加密解密,加密与解密,1
MySQL,数据库,InnoDB,MySQL技术内幕,计算机,经典,编程,技术,MySQL技术内幕,1
算法,计算机,科普,计算机科学,编程,程序设计,互联网,Programming,改变未来的九大算法,1
算法,编程,ACM-ICPC,计算机,ACM,程序设计,,程序设计竞赛,算法与数据结构,算法竞赛入门经典,1
设计,计算机,软件工程,设计哲学,方法论,软件开发,架构,程序设计,设计原本,1
算法,ACM,计算机,算法艺术与信息学竞赛,编程,信息学,OI,algorithm,算法艺术与信息学竞赛,1
Clojure,函数式,lisp,编程,Java,programming,程度设计,软件开发,Clojure编程,1
ruby,Ruby,Programming,编程,计算机,编程语言,松本行弘,O'Reilly,Ruby编程语言,1
C,计算机,programming,编程,程序设计,C/C++,图灵程序设计丛书,c语言,明解C语言,1
Ruby,编译器,计算机,ruby,编程,程序设计,programming,虚拟机,Ruby Under a Microscope,1
编译原理,计算机,编译器,脚本语言,编程,计算机科学,编程艺术,CS,两周自制脚本语言,1
http,WEB,协议,网络,计算机,O'Reilly,protocol,技术,HTTP,1
C++,编程,计算机,程序设计,C++之父,经典,C/C++,Programming,C++程序设计语言,1
HTML5,Web开发,前端开发,web,JavaScript,前端,HTML,计算机,HTML5高级程序设计,1
C++,编程,经典,计算机,Programming,C/C++,入门,IT,C++ Primer Plus,1
scala,Scala,Programming,编程,计算机,程序设计,计算机科学,Java,Programming in Scala,1
CSS,Web标准,网页设计,web,精通CSS：高级Web标准解决方案,计算机,设计,网页,精通CSS,1
CSS,前端开发,Web前端开发,前端,计算机,css,web,互联网,CSS设计指南,1
Lisp,函数式编程,编程,计算机,编程语言,Programming,程序设计,lisp,实用Common Lisp编程,1
面向对象,设计模式,计算机,软件开发,程序设计,软件工程,基础理论,oo,深入浅出面向对象分析与设计（中文版）,1
计算机,计算机科学,计算机系统,计算机系统概论,体系结构,系统原理,CS,概论,计算机系统概论,1
软件调试,debug,调试,Linux,编程,gdb,计算机,programming,软件调试的艺术,1
面试,职场,google,计算机,互联网,IT,职业发展,职业,The Google Resume,1
编程,算法,计算机,计算机科学,Programming,程序设计,软件开发,码码码,编程珠玑（第2版•修订版）,1
programming,scheme,编程,lisp,计算机,计算机科学,程序设计,htdp,How to Design Programs,1
计算机体系结构,计算机,计算机科学,体系结构,经典著作,经典,CS,Patterson,计算机体系结构,1
离散数学,数学,计算机,计算机科学,编程,算法,Mathematics,美国,离散数学及其应用（原书第6版）,1
设计模式,软件工程,计算机,Programming,design,软件开发,Patterns,编程,Design Patterns,1
心理学,软件工程,温伯格,程序开发心理学,软件开发,计算机,项目管理,编程,程序开发心理学,1
管理,技术,软件工程,布道,计算机,思想,布道之道,营销,布道之道,1
erlang,并发编程,Erlang/OTP,编程,Erlang,计算机,函数式编程,程序设计,Erlang/OTP并发编程实战,1
java,设计模式,函数式编程,Java,王垠推荐,计算机,Programming,编程,A Little Java, A Few Patterns,1
Java,函数,非常期待的书籍,java,软件工程,编程,非常好的导读,软件开发,Java 8函数式编程,1
C++,编程,计算机,入门,程序设计,经典,c/c++,programming,C++Primer Plus,1
Java,JVM,performance,虚拟机,编程,java,计算机,Programming,Java Performance,1
算法,编程,ACM,计算机,数据结构与算法,Algorithms,计算机科学,programming,算法竞赛入门经典（第2版）,1
java,编程,java编程思想,计算机,Programming,软件开发,Java,技术,Java编程思想,1
C++,编程,Programming,计算机,编程语言,C/C++,计算机科学,CS,C++ Primer 英文版（第 5 版）,1
Lua,编程语言,编程,脚本,计算机,游戏开发,programming,游戏编程,LUA程序设计(第2版),1
Ruby,R,数据挖掘,数据分析,编程,计算机,计算机科学,系统思维,R和Ruby数据分析之旅,1
DSL,编程,程序设计,软件开发,计算机,软件工程,计算机科学,Programming,领域特定语言,1
web前端,前端开发,web开发,编写高质量代码,Web前端开发修炼之道,前端,web,互联网,编写高质量代码,1
编程,游戏开发,游戏,程序人生,计算机,云风,编程素养,Programming,游戏之旅,1
programming,编程,经典,计算机,程序设计,style,Programming,软件工程,The Elements of Programming Style, 2nd Edition,1
东野圭吾,日本,小说,日本文学,推理,東野圭吾,治愈,日系推理,解忧杂货店,0
苏俄文学,小说,外国文学,历史,俄罗斯,瓦西里·格罗斯曼,俄罗斯文学,生活与命运,生活与命运,0
百年孤独,加西亚·马尔克斯,拉美文学,小说,经典,外国文学,文学,拉美,百年孤独,0
多重人格,心理学,心理,小说,犯罪,外国文学,美国,丹尼尔·凯斯,24个比利,0
追风筝的人,阿富汗,小说,人性,救赎,卡勒德·胡赛尼,外国文学,外国小说,追风筝的人,0
旅行,俄罗斯,西伯利亚,摄影,随笔,文艺,散文,胡成,我已与一万亿株白桦相逢,0
余华,中国文学,小说,活着,当代文学,中国,历史,真性情,活着,0
科幻,科幻小说,小说,美国,火星救援,安迪·威尔,外国文学,外星求生,火星救援,0
我想读这本书,生活,小说,好书，值得一读,有趣,李座峰,成长,感觉是条汉子！,且将生活一饮而尽,0
科幻,刘慈欣,三体,科幻小说,中国,小说,硬科幻,中国科幻,三体,0
《小王子》,治愈系,经典,绘本,小王子,文学,孤独,外国,小王子（纯美珍藏绘本）,0
小说,外国文学,好书，值得一读,美国文学,文学,深夜读书,美国,生活,岛上书店,0
小说,我想读这本书,美国文学,好书，值得一读,美国,华裔,外国文学,亚马逊第一名,无声告白,0
東野圭吾,推理,日本,东野圭吾,悬疑,小说,日本文学,推理小说,白夜行,0
小王子,童话,圣埃克苏佩里,法国,经典,外国文学,哲学,小说,小王子,0
科幻,阿西莫夫,时间旅行,小说,科幻小说,美国,外国文学,美国文学,永恒的终结,0
科幻,刘慈欣,三体,小说,中国科幻,中国,科幻小说,硬科幻,三体Ⅲ,0
加缪,外国文学,小说,法国文学,2015读书清单,文学,法国,找到你自己,异乡人,0
小说,科幻小说,科幻,外国文学,心理,丹尼尔·凯斯,美国,文学,献给阿尔吉侬的花束,0
历史,美国,美国史,历史与传记,社会学,威廉·曼彻斯特,社会,社科,光荣与梦想,0
童话,王尔德,奥斯卡·王尔德,外国文学,英国文学,经典,文学,英国,夜莺与玫瑰,0
科幻,刘慈欣,三体,小说,中国,科幻小说,黑暗森林,中国科幻,三体Ⅱ,0
钱钟书,围城,小说,中国文学,经典,婚姻,现代文学,文学,围城,0
蔡崇达,散文,随笔,小说,文学,中国文学,散文随笔,那些年那些人那些事，都随风而散了，而我终将明白：往事是用来珍藏,皮囊,0
东野圭吾,推理,日本,小说,推理小说,東野圭吾,悬疑,日本文学,嫌疑人X的献身,0
加西亚-马尔克斯,霍乱时期的爱情,小说,拉美文学,外国文学,加西亚·马尔克斯,爱情,文学,霍乱时期的爱情,0
毛姆,月亮和六便士,小说,英国,外国文学,英国文学,毛姆：月亮和六便士,文学,月亮和六便士,0
科幻,小说,科幻小说,外国文学,特德·姜,美国文学,美国,特德姜,你一生的故事,0
乔治·奥威尔,反乌托邦,政治,小说,英国,外国文学,1984,文学,1984,0
民国女子,优雅,慕容素衣,我想读这本书,传记,文化,真心想读,女性,时光深处的优雅,0
友情,外国文学,我想读这本书,温暖,治愈系,小说,好书，值得一读,心灵成长,萤火虫小巷,0
小说,金宇澄,上海,繁花,中国当代文学,中国文学,中国,文学,繁花,0
小说,外国文学,萨尔曼·拉什迪,印度文学,英国文学,萨曼·鲁西迪,布克奖,英国,午夜之子,0
治愈系,心灵成长,小说,外国文学,好书，值得一读,英国,文学,期待已久的书,摆渡人,0
小说,约翰·威廉斯,美国文学,美国,外国文学,文学,理想,教育,斯通纳,0
二战,漫画,法国文学,历史,法国,文学,阿甘版”二战题材的“我在伊朗长大”,后浪,阿兰的战争,0
美国文学,小说,哈珀·李,杀死一只知更鸟,外国文学,美国,经典,文学,杀死一只知更鸟,0
龙应台,散文,亲情,随笔,台湾,目送,人生,生活·读书·新知三联书店,目送,0
红楼梦,古典文学,曹雪芹,经典,小说,古典名著,中国,名著,红楼梦,0
木心,陈丹青,文学,文学回忆录,文学史,中国文学,文化,人文,文学回忆录（全2册）,0
一个人的朝圣,小说,自我发现,英国文学,旅行,英国,外国文学,蕾秋·乔伊斯,一个人的朝圣,0
编剧,电影,写作,故事,罗伯特∙麦基,创作,文学,小说,故事,0
大冰,旅行,生活,感动,随笔,很值得推荐的一本书,治愈,散文随笔,乖，摸摸头,0
切尔诺贝利,纪实文学,外国文学,阿列克谢耶维奇,纪实,文学,白俄罗斯,小说,我不知道该说什么，关于死亡还是爱情,0
小王子,我想读这本书,经典,心灵成长,童话,真心想读,好书，值得一读,喜欢好多年了,小王子,0
大冰,阿弥陀佛么么哒,很值得推荐的一本书,我想读这本书,真实的故事,游.行.走,随笔,在路上,阿弥陀佛么么哒,0
张嘉佳,睡前故事,治愈,随笔,有意思的书,故事,小说,中国,从你的全世界路过,0
王小波,杂文,沉默的大多数,思想,随笔,中国文学,中国,文学,沉默的大多数,0
回忆录,梅子青时,文学,历史,生活,我想读这本书,中国文学,好书，值得一读,梅子青时,0
小说,法国,马克李维,小清新,法国文学,外国文学,小神奇，超能力,喜欢的风格,偷影子的人,0
布罗茨基,散文,外国文学,文学,随笔,美国文学,诗歌,俄罗斯,悲伤与理智,0
杨绛,回忆录,我们仨,钱钟书,散文,随笔,回忆,传记,我们仨,0
匈牙利,极权主义,外国文学,米克洛什·哈拉兹蒂,政治学,东欧,小说,文学,天鹅绒监狱,0
鲍鲸鲸,小说,我的盖世英熊,我想读这本书,因为喜欢书，所以想看看！,情感,鲍鲸鲸来袭,爱情,我的盖世英熊,0
路遥,平凡的世界,小说,中国文学,人生,经典,文学,当代,平凡的世界（全三部）,0
马尔克斯,外国文学,加西亚·马尔克斯,霍乱时期的爱情,爱情,小说,拉美文学,诺贝尔文学奖,霍乱时期的爱情（2015年修订版）,0
历史,中东,传记,伊斯兰,劳伦斯,美国,文学,甲骨文,阿拉伯的劳伦斯,0
旅行,游记,傅真,随笔,在路上,散文,最好金龟换酒,中国,泛若不系之舟,0
我想读这本书,随笔,想读，一定很精彩！,文学,青春,好书，值得一读,心灵成长,拳王,我有个好故事，就要你一碗酒,0
乔纳森·弗兰岑,随笔,自我提升,美国文学,散文随笔,美国,外国文学,文学,如何独处,0
治愈,厨房,美食,我想读这本书,食物,温暖,土耳其文学,小说,忧伤的时候，到厨房去,0
不止读书,魏小河,就是想读小河的书,请让我任性的被抽中一次吧,好书，值得一读,睡前读物,成长,孤独,失眠书,0
传记,编辑,美国,出版,文学,外国文学,编辑学,理想国,天才的编辑,0
我有个恋爱想和你谈下,爱情,情感,爱情故事,小说,温暖,烟波人长安,故事,我有个恋爱想和你谈下,0
奇幻,小说,美国,科幻,科幻小说,詹姆斯·莫罗,猎巫,文学,最后的猎巫人,0
李娟,走夜路请放声歌唱,我想读这本书,散文,随笔,好书，值得一读,文学,新经典文库,走夜路请放声歌唱,0
刘瑜,随笔,送你一颗子弹,杂七杂八,时评,文化,中国文学,中国,送你一颗子弹,0
村上春树,挪威的森林,小说,日本文学,日本,爱情,青春,外国文学,挪威的森林,0
加缪,法国,小说,存在主义,外国文学,法国文学,局外人,文学,局外人,0
三毛,旅行,撒哈拉的故事,生活,生命,沙漠,中国文学,台灣文學,撒哈拉的故事,0
瓦尔登湖,梭罗,散文,文学,自然文学,美国文学,外国文学,美国,瓦尔登湖 (全注疏本),0
米兰・昆德拉,不能承受的生命之轻,外国文学,小说,哲学,捷克,文学,米兰·昆德拉,不能承受的生命之轻,0
历史,明朝那些事儿,当年明月,明史,明朝,有趣,中国历史,小说,明朝那些事儿,0
牧羊少年奇幻之旅,保罗柯艾略,外国文学,小说,巴西,与心沟通,童话,拉美,牧羊少年奇幻之旅,0
推理小说,推理,S,悬疑,小说,美国,外国文学,台版,S.,0
太宰治,日本文学,日本,人间失格,小说,文学,外国文学,小說,人间失格,0
心理学,两性,行为学,爱情,男女,生物,我想读这本书,科学,达尔文告诉你，为什么男人不坏女人不爱,0
小说,外国文学,普利策,安东尼·多尔,文学,温暖,美国文学,二战,所有我们看不见的光,0
成长,治愈,温暖,值得期待的好书,开心都想哭,人长大了,故事,文学,人长大了，开心都想哭,0
科幻,贵志佑介,日本文学,日本,小说,轻小说,贵志祐介,貴志祐介,来自新世界 （上下）,0
芥川龙之介,日本文学,罗生门,日本,我想读这本书,经典,小说,好书，值得一读,罗生门,0
小说,科普,罗辑思维,德国,人生,丹尼尔·科尔曼,文化,数学,丈量世界,0
历史,以色列,耶路撒冷,纪实文学,纪实,文学,拉莱·科林斯,美国,为你，耶路撒冷（上下册）,0
村上春树,随笔,跑步,日本,日本文学,生活,散文,半自传,当我谈跑步时我谈些什么,0
张惠雯,我想读这本书,爱情,小说,好书，值得一读,女性,文艺,文学,一瞬的光线、色彩和阴影,0
托尔斯泰,俄国文学,小说,世界名著,战争与和平,外国文学,经典,文学,战争与和平（全四册）,0
龙应台,亲爱的安德烈,随笔,教育,台湾,散文,台湾文学,散文随笔,亲爱的安德烈,0
毛姆,小说,英国,外国文学,英国文学,刀锋,文学,经典,刀锋,0
路遥,平凡的世界,小说,励志,农村,茅盾文学奖,中国文学,文学,平凡的世界,0
沈从文,边城,小说,中国文学,乡土,经典,文学,现代文学,边城,0
周嘉宁,小说,当代文学,中国,（中国）当代文学,文艺,长篇小说,献给青春,密林中,0
东野圭吾,推理,日本,小说,東野圭吾,推理小说,悬疑,日本文学,恶意,0
穆斯林的葬礼,小说,霍达,中国文学,宗教,爱情,穆斯林,经典,穆斯林的葬礼,0
卡尔维诺,意大利,树上的男爵,小说,外国文学,意大利文学,伊塔洛·卡尔维诺,文学,树上的男爵,0
历史,耶路撒冷,宗教,中东,文化,耶路撒冷三千年,政治,英国,耶路撒冷三千年,0
博尔赫斯,小说,阿根廷,外国文学,拉美文学,推理,文学,阿根廷文学,小径分岔的花园,0
盗墓笔记,南派三叔,盗墓,小说,悬疑,惊悚,中国,网络小说,盗墓笔记,0
朱炫,我想读这本书,脑洞,青春,小说,想读，一定很精彩！,好书，值得一读,荒唐,年少荒唐,0
茨威格,回忆录,历史,传记,斯蒂芬・茨威格,外国文学,欧洲,奥地利,昨日的世界,0
经典小王子,好书，值得一读,经典永恒,温情,治愈,期待已久的书,暖心,文学,小王子,0
浮生六记,古典文学,沈复,随笔,散文,古典,文学,中国,浮生六记,0
教父,经典,小说,马里奥·普佐,外国文学,电影原著,美国,美国文学,教父,0
张爱玲,倾城之恋,小说,爱情,中国文学,经典,文学,張愛玲,倾城之恋,0
飘,外国文学,经典,爱情,小说,美国,外国名著,名著,飘（上下）,0
美学,李泽厚,艺术,哲学,美的历程,中国,生活·读书·新知三联书店,人文,美的历程,0
卡勒德·胡塞尼,阿富汗,灿烂千阳,小说,外国文学,女性,苦难,卡勒德·胡赛尼,灿烂千阳,0
乔治·奥威尔,政治寓言,小说,英国,外国文学,政治,极权主义,动物农场,动物农场,0
杜拉斯,情人,法国,小说,外国文学,爱情,玛格丽特・杜拉斯,玛格丽特·杜拉斯,情人,0
纪实中国,纪实,何伟,旅行,中国,随笔,美国@Peter_Hessler,社会,江城,0
东野圭吾,日本文学,日本,传记,随笔,小说,散文随笔,東野圭吾,我的晃荡的青春,0
鼹鼠的土豆,心灵成长,我想读这本书,励志,美好的东西,好书，值得一读,自我完善,文艺女青年,藏在这世间的美好,0
维特根斯坦,传记,哲学,哲学家，传记，维特根斯坦,人物传记,天才,英国,Ludwig_Wittgenstein,维特根斯坦传,0
茨威格,一个陌生女人的来信,外国文学,爱情,小说,奥地利,经典,文学,一个陌生女人的来信,0
木心,文学,文学回忆录,陈丹青,随笔,中国文学,艺术,中国,木心谈木心,0
傲慢与偏见,奥斯丁,外国文学,爱情,经典,小说,英国,外国名著,傲慢与偏见,0
叔本华,哲学,西方哲学,人生的智慧,人生,德国,生活,外国文学,人生的智慧,0
诗歌,毕肖普,外国文学,诗,美国,美国文学,文学,女诗人,唯有孤独恒常如新,0
日本文学,三浦紫苑,日本,小说,跑步,文学,励志,强风吹拂,强风吹拂,0
卡尔维诺,看不见的城市,意大利,外国文学,小说,文学,城市,意大利文学,看不见的城市,0
那些生命中温暖而美好的事情,温暖,刘墨闻,随笔,青春,爱情,看有趣的人读有趣的书,我在最温暖的地方等你,我在最温暖的地方等你,0
哲学,苏菲的世界,哲学入门,乔斯坦·贾德,外国文学,小说,启蒙,挪威,苏菲的世界,0
加西亚·马尔克斯,拉美文学,小说,外国文学,马尔克斯,魔幻现实主义,哥伦比亚,短篇小说集,世上最美的溺水者,0
米兰·昆德拉,不能承受的生命之轻,外国文学,小说,哲学,捷克,文学,法国,不能承受的生命之轻,0
哲学,苏菲的世界,哲学启蒙书,乔斯坦•贾德,外国文学,经典,小说,挪威,苏菲的世界,0
马洛伊·山多尔,小说,匈牙利,外国文学,匈牙利文学,文学,外国小说,欧洲,烛烬,0
文学,文学研究,小说鉴赏,小说,托马斯·福斯特,小说的艺术,导读,阅读方法,如何阅读一本小说,0
吴念真,台湾,散文,随笔,台湾文学,文学,吳念真,港台文学,这些人，那些事,0
蒋勋,孤独六讲,美学,随笔,台湾,文化,文化研究,文学,孤独六讲,0
毛姆,小说,外国文学,英国,英国文学,毛姆\u003c人生的枷锁\u003e,人生的枷锁,人生,人生的枷锁,0
博尔赫斯,外国文学,访谈,文学,随笔,拉美文学,谈话录,阿根廷,博尔赫斯谈话录,0
哲学,美国,旅游行走系列,小说,科学技术哲学,波西格,二元论,社会学,禅与摩托车维修艺术,0
科幻,阿西莫夫,小说,科幻小说,美国,艾萨克·阿西莫夫,外国文学,雨果奖,神们自己,0
小说,人性救赎,悬疑,我想读这本书,刑侦,须一瓜,好书，值得一读,中国文学,烈日灼心,0
普鲁斯特,法国文学,追忆似水年华,意识流,小说,外国文学,法国,文学,追忆似水年华,0
浮生六记,中国文学,随笔,文学,经典,好书,隨筆,有沈复“花样虐狗”即视感。好的是白话文仍有雅致情味，好读,浮生六记,0
历史,明朝那些事儿,当年明月,明朝,小说,中国文学,中国,网络小说,明朝那些事儿（1-9）,0
龙应台,散文,随笔,孩子你慢慢来,孩子,台湾,人生,台湾文学,孩子你慢慢来,0
外国文学,威廉·麦克斯韦尔,美国,小说,美国文学,文学,新经典文库,我想读这本书,再见，明天见,0
王小波,黄金时代,小说,中国文学,经典,当代,文学,中国,黄金时代,0
简爱,外国文学,经典,爱情,小说,名著,英国,外国名著,简爱,0
加西亚·马尔克斯,拉美文学,马尔克斯,小说,外国文学,短篇小说,哥伦比亚,短篇小说集,蓝狗的眼睛,0
陀思妥耶夫斯基,小说,俄罗斯,外国文学,俄国文学,卡拉马佐夫兄弟,厚重的现实主义,文学,卡拉马佐夫兄弟,0
菲茨杰拉德,了不起的盖茨比,美国,小说,外国文学,经典,名著,文学,了不起的盖茨比,0
正能量,励志,成长,温暖的书,好书，值得一读,我想读这本书,谁说鸡汤没有用,经历过才有的扯,世间所有的美好，都是因为坚持,0
塞尔努达,诗歌,西班牙文学,西班牙,外国文学,诗,诗集,汪天艾,奥克诺斯,0
窗边的小豆豆,黑柳彻子,日本,儿童文学,教育,童年,日本文学,小说,窗边的小豆豆,0
纪实,历史,杨显惠,夹边沟记事,反右,苦难,中国,中国历史,夹边沟记事,0
清明上河图,小说,历史,悬疑,推理,中国,悬疑小说,南宋,清明上河图密码,0
蒋勋,金刚经,文化,旅行,散文,心灵,好书，值得一读,经典,舍得，舍不得,0
今何在,悟空传,小说,网络小说,网络文学,中国,西游记,文学,悟空传,0
王小波,爱你就像爱生命,李银河,书信集,爱情,情书,中国文学,散文,爱你就像爱生命,0
梭罗,瓦尔登湖,外国文学,散文,纯净,随笔,美国,文学,瓦尔登湖,0
赫尔曼·黑塞,德国,黑塞,小说,宗教,外国文学,佛教,德国文学,悉达多,0
加西亚·马尔克斯,拉美文学,短篇小说,外国文学,小说,哥伦比亚,马尔克斯,文学,梦中的欢快葬礼和十二个异乡故事,0
陈忠实,白鹿原,中国文学,小说,经典,现当代文学,中国,文学,白鹿原,0
历史,普里莫•莱维,回忆录,纳粹,集中营,意大利文学,意大利,外国文学,被淹没和被拯救的,0
布罗茨基,随笔,外国文学,散文,文学,黄灿然,诺贝尔文学奖,美国,小于一,0
小说,苗炜,吃,文学,美食,中国,随笔,中国文学,面包会有的,0
安·兰德,小说,个人主义,美国,哲学,源泉,外国文学,理想，勇气，爱,源泉,0
罗兰·巴特,解构主义,哲学,爱情,法国,恋人絮语,外国文学,符号学,恋人絮语,0
东野圭吾,推理,日本,小说,東野圭吾,日本文学,推理小说,悬疑,放学后,0
村上春树,随笔,日本文学,日本,散文随笔,散文,2014,村上春樹,大萝卜和难挑的鳄梨,0
严歌苓,小说,中国文学,爱情,人性,历史,中国现当代文学,中国,陆犯焉识,0
后现代,美国文学,唐纳德·巴塞尔姆,外国文学,小说,短篇小说,美国,巴塞尔姆,巴塞尔姆的60个故事,0
乔治·奥威尔,反乌托邦,小说,一九八四,极权主义,政治,外国文学,英国,一九八四,0
诗歌,聂鲁达,外国文学,诗,巴勃罗·聂鲁达,拉美文学,拉美,智利文学,二十首情诗和一首绝望的歌,0
爱情,平如美棠,人生,绘本,饶平如,生活,我俩的故事,中国,平如美棠,0
阿加莎·克里斯蒂,推理,英国,小说,悬疑推理,无人生还,侦探推理,外国文学,无人生还,0
斯蒂芬·金,肖申克的救赎,小说,外国文学,经典,美国,悬疑,希望,肖申克的救赎,0
佩索阿,随笔,葡萄牙文学,外国文学,费尔南多·佩索阿,葡萄牙,不安之书,文学,不安之书,0
日本文化,日本,菊与刀,社会学,文化,人类学,历史,社会,菊与刀,0
正能量,励志,我想读这本书,小令君,青春成长,青春,好书，值得一读,北大女学霸,拼了命，尽了兴,0
太宰治,日本文学,日本,小说,人间失格,私小说,日本，私小说，天才作家,外国文学,人间失格,0
张爱玲,小说,中国文学,文学,我想读这本书,香港,当代文学,中国,少帅,0
八月长安,青春,最好的我们,成长,小说,献给青春,献给青春。,我的二熊,最好的我们,0
古典学,文学,文学史,历史,比较文学,外国文学,后浪,文学理论,古典传统,0
毛姆,英国文学,小说,短篇小说,外国文学,英国,短篇集,文学,毛姆短篇小说精选集,0
植物,博物学,自然,科普,英国,博物,理查德·梅比,文学,杂草的故事,0
狼图腾,小说,狼,草原,姜戎,中国文学,文化,图腾,狼图腾,0
村上春树,日本,小说,1Q84,日本文学,村上春樹,文学,外国文学,1Q84 BOOK 1,0
雷蒙德·卡佛,小说,美国,外国文学,短篇,美国文学,文学,Raymond_Carver,当我们谈论爱情时我们在谈论什么,0
哈利波特,J.K.罗琳,魔幻,小说,英国,外国文学,哈利·波特,哈利・波特,哈利·波特与魔法石,0
马洛伊·山多尔,小说,匈牙利,外国文学,匈牙利文学,文学,外国小说,*南京·译林出版社*,伪装成独白的爱情,0
连城三纪彦,推理,日本,日本文学,小说,推理小说,日系推理,日本推理,一朵桔梗花,0
海明威,老人与海,外国文学,小说,经典,美国,名著,外国名著,老人与海,0
阿加莎·克里斯蒂,推理,英国,小说,侦探,推理小说,东方快车谋杀案,侦探推理,东方快车谋杀案,0
安吉拉·卡特,英国,小说,英国文学,外国文学,短篇集,短篇小说,文学,焚舟纪,0
白先勇,台湾,小说,短篇小说,台湾文学,中国文学,现当代文学,文学,台北人,0
外国文学,卡内蒂,小说,英国文学,文学,英国,散文随笔,随笔,耳证人,0
威廉·特雷弗,小说,短经典,爱尔兰,外国文学,短篇小说,爱尔兰文学,短篇集,出轨,0
悬疑,心理学,小说,心理,推理,好书，值得一读,环环相扣，动人心弦。,暗示,别和她说话,0
余华,小说,中国文学,中国,文学,那样的时代,生活,经典,许三观卖血记,0
茨威格,历史,传记,外国文学,人物传记,奥地利,文学,人物,人类的群星闪耀时,0
齐邦媛,台湾,回忆录,纪实文学,历史,传记,巨流河,三联书店,巨流河,0
荆棘鸟,外国文学,考琳・麦卡洛,澳大利亚,爱情,小说,经典,名著,荆棘鸟,0
川端康成,日本文学,小说,日本,雪国,文学,外国文学,物哀,雪国,0
村田喜代子,日本文学,日本,小说,短篇小说集,新经典文库,外国文学,新经典,八口小锅,0
王小波,一只特立独行的猪,杂文,中国文学,思想,文学,中国,特立独行,一只特立独行的猪,0
悬疑,达・芬奇密码,小说,宗教,推理,丹・布朗,外国文学,丹·布朗,达·芬奇密码,0
钱钟书,小说,中国文学,婚姻,经典,社会,中国,文学,围城,0
大仲马,基督山伯爵,外国文学,复仇,小说,经典,法国,名著,基督山伯爵,0
科幻,小说,短篇集,科幻小说,外国文学,幻象文库,美国,2015,未来的序曲,0
赫尔曼·黑塞,小说,黑塞,德国,德国文学,外国文学,文学,HermannHesse,德米安,0
王尔德,英国文学,英国,书信\u0026日记,文学,外国文学,书信,爱尔兰文学,自深深处,0
旅行,旅行文学,随笔,欧洲,刘子超,游记,文艺,随笔／专栏／散文／杂文,午夜降临前抵达,0
韩寒,小说,我想和这个世界谈谈,公路小说,1988,中国文学,中国,文学,1988：我想和这个世界谈谈,0
安倍夜郎,日本,日本文学,饮食,美食,随笔,我想读这本书,特别特别喜欢的书,酒友 饭友,0
夏目漱石,日本文学,日本,小说,爱猫,经典,就是想读，因为名字,我想读这本书,我是猫,0
历史,明朝那些事儿,当年明月,明朝,小说,中国历史,明史,朱元璋,明朝那些事儿（壹）,0
村上春树,海边的卡夫卡,日本文学,小说,日本,青春,外国文学,文学,海边的卡夫卡,0
麦田里的守望者,塞林格,小说,外国文学,青春,美国,垮掉的一代,反叛,麦田里的守望者,0
漫画,黑猫侦探,欧漫,绘本,西班牙,法国漫画,推理,胡安霍·瓜尔尼多,黑猫侦探 I：阴影之间,0
萧红,呼兰河传,中国文学,小说,现代文学,女性文学,中国,文学,呼兰河传,0
八月长安,暗恋,青春,橘生淮南,小说,献给青春。,洛枳,盛淮南,暗恋·橘生淮南,0
村上春树,随笔,日本,日本文学,散文随笔,日@村上春树,2015,文学,爱吃沙拉的狮子,0
哲学,柏拉图,理想国,古希腊,西方哲学,经典,政治哲学,商务印书馆,理想国,0
生命,于娟,随笔,日记,为了爱,传记,中国文学,文学,此生未完成,0
佩索阿,葡萄牙,外国文学,散文,费尔南多·佩索阿,我想读这本书,葡萄牙文学,文学,自决之书,0
阿列克谢耶维奇,诺贝尔文学奖,纪实,二战,纪实文学,外国文学,文学,白俄罗斯文学,我是女兵，也是女人（精装）,0
魏小河,读书,不止读书,随笔,三联,随笔／专栏／散文／杂文,书,生活,独立日：用一间书房抵抗全世界,0
苏俄文学,小说,生存与命运,俄罗斯文学,俄罗斯,外国文学,文学,中信出版社,生存与命运,0
阿利斯泰尔·麦克劳德,小说,短经典,加拿大,外国文学,加拿大文学,文学,中短篇小说,海风中失落的血色馈赠,0
诗歌,张定浩,古典文学,诗,中国文学,随笔,文学,中国,既见君子,0
遥远的救世主,小说,豆豆,文化属性,天道,智慧,人生,中国文学,遥远的救世主,0
人类学,列维·斯特劳斯,社会学,忧郁的热带,游记,法国,结构主义,文化,忧郁的热带,0
小说,须一瓜,犯罪,太阳黑子,赎罪,中国,中国文学,悬疑,太阳黑子,0
白岩松,我想读这本书,随笔,随笔／专栏／散文／杂文,演讲,成长,生活,自传,白说,0
科幻,特德·蒋,小说,科幻小说,美国,你一生的故事,短篇,世界科幻大师丛书,你一生的故事,0
金庸,武侠,天龙八部,小说,武侠小说,经典,中国,中国文学,天龙八部,0
伊塔洛·卡尔维诺,意大利,卡尔维诺,外国文学,小说,文学,意大利文学,城市,看不见的城市,0
宫部美雪,推理,日本,日本推理,小说,日本文学,推理小说,所罗门的伪证,所罗门的伪证,0
励志,正能量,伊心,精神振奋的正能量书,温暖的书,成长,正能量女神,治愈系,我比谁都相信努力奋斗的意义,0
陈丹青,随笔,退步集,艺术,杂文,文化,人文,中国,退步集,0
阿列克谢耶维奇,诺贝尔文学奖,纪实,外国文学,文学,白俄罗斯文学,纪实文学,历史,我还是想你，妈妈（精装）,0
科幻,海伯利安,丹·西蒙斯,科幻小说,太空歌剧,小说,美国,经典,海伯利安,0
呼啸山庄,外国文学,小说,英国,名著,经典,爱情,外国名著,呼啸山庄,0
诗歌,北岛,孩子,诗,文学,教育,中国文学,2014,给孩子的诗,0
你的孤独，虽败犹荣,刘同,青春,励志,成长,孤独,谁的青春不迷茫,散文,你的孤独，虽败犹荣,0
加西亚·马尔克斯,小说,拉美文学,外国文学,推理,哥伦比亚,马尔克斯,拉美,一桩事先张扬的凶杀案,0
简·奥斯丁,外国文学,小说,英国,傲慢与偏见,经典,英国文学,爱情,傲慢与偏见,0
村上春树,日本文学,小说,日本,外国文学,文学,施小炜,日本小说,没有色彩的多崎作和他的巡礼之年,0
绘本,我想读这本书,梁祝,好书，值得一读,真心想读,皮影,文学,繪本,梁山伯与祝英台,0
小说,英国文学,岛,外国文学,英国,爱情,希斯洛普,文学,岛,0
刘震云,小说,一句顶一万句,当代文学,中国文学,中国,中国当代小说,文学,一句顶一万句,0
村上春树,世界尽头与冷酷仙境,小说,日本文学,日本,外国文学,村上春樹,文学,世界尽头与冷酷仙境,0
杨树鹏,我想读这本书,好书，值得一读,小说,因为喜欢书，所以想看看！,2015年读,文学,二战　励志,在世界遗忘你之前,0
奇幻,冰与火之歌,乔治马丁,史诗,冰与火之歌,小说,乔治·马丁,外国文学,魔幻小说,冰与火之歌,0
野夫,散文,随笔,浮生琐阅,中国当代文学,社会/文化,中国文学,人文,乡关何处,0
反乌托邦,赫胥黎,小说,英国,美丽新世界,政治,外国文学,科幻,美丽新世界,0
东野圭吾,推理,小说,悬疑,日本,日本文学,日本小说,爱情,嫌疑人X的献身,0
卡森·麦卡勒斯,心是孤独的猎手,小说,外国文学,美国,孤独,美国文学,文学,心是孤独的猎手,0
科幻,刘慈欣,小说,球状闪电,中国,科幻小说,经典,大刘,球状闪电,0
冰与火之歌,奇幻,乔治·马丁,小说,史诗,西方奇幻,魔幻,外国文学,冰与火之歌（卷一）,0
历史,美国,美国历史,光荣与梦想,威廉・曼彻斯特,社会,现代史,文化,光荣与梦想,0
阿加莎·克里斯蒂,推理,英国,推理小说,悬疑,小说,午夜文库,外国文学,无人生还,0
神话,民间故事,传说,袁珂,中国文学,文化,中国,文学,中国民间传说,0
电影原著,爱情,电影,剧本,爱在三部曲,小说,外国文学,美国,爱在黎明破晓前&爱在日落黄昏时,0
洛丽塔,弗拉基米尔·纳博科夫,外国文学,小说,lolita,美国,经典,纳博科夫,洛丽塔,0
旅行,保罗·索鲁,旅行文学,游记,美国,南美,美国文学,外国文学,老巴塔哥尼亚快车,0
三岛由纪夫,日本文学,日本,小说,金阁寺,文学,三島由紀夫,外国文学,金阁寺,0
迟子建,小说,茅盾文学奖,额尔古纳河右岸,鄂温克,民族,中国文学,当代文学,额尔古纳河右岸,0
小王子,童话,外国文学,经典名著,我对死亡最大的痛苦就是，没能为爱而死··,文学,李继宏,很不错,小王子,0
王国维,人间词话,诗词,国学,古典,文学,经典,古文诗词,人间词话,0
毛姆,英国文学,小说,英国,外国文学,面纱,爱情,萨默塞特·毛姆,面纱,0
伊丽莎白·吉尔伯特,女性,美国文学,小说,外国文学,美国,文学,好书，值得一读,万物的签名,0
林海音,城南旧事,童年,小说,中国文学,文学,儿童文学,小时候,城南旧事,0
科幻,阿西莫夫,基地系列,小说,银河帝国,科幻小说,美国,心理史学,银河帝国：基地,0
村上春树,跑步,随笔,日本文学,日本,我想读这本书,自我管理,成长,当我谈跑步时，我谈些什么（2015典藏版）,0
王安忆,小说,长恨歌,中国文学,老上海,女性,旧上海,文学,长恨歌,0
传记,费曼,科普,物理,别闹了，费曼先生,人物,科学家,自传,别闹了，费曼先生,0
哈利波特,J.K.罗琳,魔幻,小说,英国,外国文学,HarryPotter,哈利·波特,哈利·波特与阿兹卡班的囚徒,0
鲁迅,中国文学,呐喊,小说,经典,杂文,中国,文学,呐喊,0
我想读这本书,爱情,好书，值得一读,成长,励志,女性,努力奋斗,救赎,当我足够爱，才敢失去你,0
余秋雨,散文,文化苦旅,随笔,文化,中国文学,游记,旅行,文化苦旅,0
鬼吹灯,盗墓,小说,天下霸唱,探险,网络小说,灵异,奇幻,鬼吹灯之精绝古城,0
哈扎尔辞典,小说,塞尔维亚,外国文学,米洛拉德·帕维奇,辞典小说,文学,塞尔维亚文学,哈扎尔辞典（阳本）,0
赫拉巴尔,捷克,外国文学,小说,文学,捷克文学,孤独,Bohumil_Hrabal,过于喧嚣的孤独,0
科幻,小说,丹尼尔·凯斯,献给阿尔吉侬的花束,心理,美国,外国文学,心理学,献给阿尔吉侬的花束,0
诗歌,辛波斯卡,外国文学,波兰,诗,诗集,波兰文学,文学,万物静默如谜,0
汪曾祺,散文,随笔,人间草木,中国文学,散文随笔,文学,中国,人间草木,0
一个人的好天气,日本文学,青山七惠,日本,小说,青春,成长,芥川龙之介奖,一个人的好天气,0
外国文学,月亮的光是借来的~,文学,绘本,我想读这本书,看图写话,文学大师,米兰昆德拉,月亮的光是借来的,0
世上另一个我,外国文学,小说,女性小说,美国,情感,励志,女性,世上另一个我(修订版),0
李娟,散文,阿勒泰,新疆,随笔,自然,散文随笔,中国,冬牧场,0
三国演义,四大名著,小说,古典文学,罗贯中,中国古典,文学,三国,三国演义,0
文学理论,詹姆斯·伍德,小说,文学,文艺理论,英国,文学种种,想读之小说类,小说机杼,0
小说,朱岳,当代文学,中国文学,短篇小说,中国,文学,日光之下，并无新事。,说部之乱,0
聂鲁达,巴勃罗·聂鲁达,传记,回忆录,外国文学,诗歌,智利,智利文学,我坦言我曾历尽沧桑,0
伊坂幸太郎,推理,日本,小说,日本文学,推理小说,日系推理,悬疑,金色梦乡,0
电影,剧本写作,罗伯特·麦基,故事:材质、结构、风格和银幕剧作的原理,编剧,电影理论,剧本,写作,故事,0
美国,巴塞尔姆,小说,外国文学,唐纳德·巴塞尔姆,新经典文库,文学,美国文学,巴塞尔姆的40个故事,0
顾漫,何以笙箫默,小说,爱情,言情,青春,网络小说,网络文学,何以笙箫默,0
村上春树,日本,日本文学,小说,短篇,2015,文学,外国文学,没有女人的男人们,0
哈利波特,J.K.罗琳,魔幻,小说,英国,外国文学,HarryPotter,哈利·波特,哈利·波特与密室,0
科幻,丹·西蒙斯,小说,海伯利安四部曲,美国,海伯利安,太空歌剧,雨果奖,海伯利安,0
哈利波特,J.K.罗琳,魔幻,小说,英国,外国文学,HarryPotter,哈利・波特,哈利·波特与火焰杯,0
福尔摩斯,推理,侦探,柯南道尔,小说,经典,侦探小说,英国,福尔摩斯探案全集（上中下）,0
卡勒德·胡塞尼,阿富汗,外国文学,小说,群山回唱,卡勒德·胡赛尼,美国,追风筝的人,群山回唱,0
外国文学,文学评论,巴黎评论,作家访谈,文学理论,写作,谈话录,文学理论＆文学研究及相关,巴黎评论·作家访谈2,0
阅读,设计,艺术,思维,文学,彼得·门德尔桑德,心理,好书！值得一读！,当我们阅读时，我们看到了什么,0
理查德·耶茨,十一种孤独,小说,外国文学,美国,美国文学,孤独,文学,十一种孤独,0
美食,温暖的书,我想读这本书,治愈系,爱情,生活,好书，值得一读,故事,吃饱了才有力气谈恋爱,0
加西亚·马尔克斯,小说,拉美文学,外国文学,马尔克斯,文学,哥伦比亚,拉美,迷宫中的将军,0
村上春树,日本,小说,1Q84,日本文学,外国文学,文学,村上春樹,1Q84 BOOK 2,0
歌词,十三,想读,温暖,好书，值得一读,青春,随笔,***豆瓣阅读***,总有一句歌词打湿你心,0
加西亚·马尔克斯,拉美文学,小说,外国文学,马尔克斯,哥伦比亚,文学,拉美,没有人给他写信的上校,0
小仲马,茶花女,外国文学,法国,小说,爱情,名著,经典,茶花女,0
村上春树,日本文学,小说,日本,世界尽头与冷酷仙境,外国文学,独角兽,文学,世界尽头与冷酷仙境,0
李娟,散文,新疆,阿勒泰,随笔,自然,中国文学,旅行,我的阿勒泰,0
东野圭吾,推理,日本,東野圭吾,小说,日本文学,悬疑,推理小说,幻夜,0
科幻,银河系漫游指南,道格拉斯・亚当斯,英国,小说,幽默,科幻小说,经典,银河系漫游指南,0
诗歌,张定浩,诗,文学,中国,waits,谜文库,*上海·华东师范大学出版社*,我喜爱一切不彻底的事物,0
张爱玲,半生缘,小说,爱情,中国文学,文学,中国,文学经典,半生缘,0
乔治·奥威尔,小说,反乌托邦,政治寓言,政治,外国文学,英国,寓言,动物庄园,0
绘本,漫画,美国,欧美漫画,艺术,文学,日光之下，并无新事。,必买,吉米·科瑞根,0
绿妖,小说,中国文学,中国,文学,文学、小説,当代文学,国内作品,少女哪吒,0
芥川龙之介,日本文学,日本,小说,罗生门,短篇小说,外国文学,短篇,罗生门,0
毛姆,传记,英国,外国文学,文学,人物传记,英国文学,传记与回忆录,毛姆传,0
文革,冯骥才,历史,中国,一百个人的十年,政治,记录,命运,一百个人的十年,0
海子,诗歌,诗集,中国文学,诗,现当代文学,文学,中国,海子诗全集,0
查令十字街84号,外国文学,书信集,小说,书信,英国,美国,读书,查令十字街84号,0
岩井俊二,情书,日本,小说,爱情,日本文学,电影,外国文学,情书,0
马伯庸,小说,悬疑,古董,祥瑞御免,中国,推理,悬疑小说,古董局中局,0
外国文学,飘,经典,乱世佳人,玛格丽特.米切尔,小说,美国,世界名著,飘,0
诗歌,余秀华,诗,中国文学,中国,文学,2015,诗集,月光落在左手上,0
吉米·哈利,动物,外国文学,英国,万物有灵且美,小说,动物与人,英国文学,万物有灵且美,0
小说,时尚,成长,职业生涯,王欣,想读,梦想,职场,在不安的世界安静的活,0
乔治·奥威尔,政治寓言,小说,反乌托邦,讽刺,政治,外国文学,英国,动物庄园,0
科幻,小说,特德·姜,美国,科幻小说,短篇集,人工智能问题,美国文学,软件体的生命周期,0
诗歌,阿多尼斯,我的孤独是一座花园,外国文学,叙利亚,诗集,诗,阿拉伯,我的孤独是一座花园,0
清明上河图,小说,推理,历史,冶文彪,悬疑推理,中国,中国推理,清明上河图密码 2,0
东野圭吾,日本,小说,短篇集,推理,日本文学,東野圭吾,日系推理,歪笑小说,0
哲学,罗伯特·所罗门,入门,哲學,美国,理想国,经典,2015,大问题,0
科幻,阿西莫夫,基地系列,小说,科幻小说,经典,美国,基地,基地,0
乔纳森·弗兰岑,小说,自由,美国文学,外国文学,美国,社会,文学,自由,0
短篇小说,罗恩·拉什,美国,小说,外国文学,美国文学,短经典,文学,美好的事物无法久存,0
梁文道,时评,随笔,社会,杂文,香港,文化,常识,常识,0
在路上,垮掉的一代,凯鲁亚克,美国,小说,外国文学,旅行,文学,在路上,0
木心,随笔,文学,中国文学,取今复古，别立新宗。,散文,散文随笔,作品八种,木心作品八种,0
索尔·贝娄,更多的人死于心碎,小说,外国文学,美国,美国文学,文学,SaulBellow,更多的人死于心碎,0
自然文学,随笔,美国,自然,安妮·迪拉德,普利策奖,外国文学,艺术,听客溪的朝圣,0
小说,胡学文,奔跑的月光,中国文学,文学,生活,感悟,心灵,奔跑的月光,0
小说,安德鲁·林赛,外国文学,澳大利亚文学,澳大利亚,文学,小說,译林,面包匠的狂欢节,0
张小娴,散文,好书，值得一读,青春,女性,文学,爱情,随笔,你会想念你自己吗,0
阿来,小说,尘埃落定,西藏,中国文学,当代文学,中国,文学,尘埃落定,0
随笔,张春,生活,散文随笔,文学,散文,中国,期待已久棒棒的书！！！多买几本当特产送家人都不错阿朋友！！！,一生里的某一刻,0
博尔赫斯,小说,阿根廷,外国文学,迷宫小说,文学,博尔赫斯小说集,经典,博尔赫斯小说集,0
项塔兰,小说,印度,外国文学,自传小说,澳大利亚,传记,罗伯兹,项塔兰,0
老舍,中国文学,小说,抗日战争,现代文学,中国,名著,文学,四世同堂,0
金庸,武侠,笑傲江湖,小说,武侠小说,经典,中国,中国文学,笑傲江湖（全四册）,0
科幻,小说,美国,英文原版,Sci-Fi,AndyWeir,Mars,美国文学,The Martian,0
三毛,丁松青,随笔,散文,我想读这本书,台湾,美国,新经典文库,兰屿之歌 清泉故事,0
日本文学,成长,生活,随笔,日本,金子由纪子,自己的幸福,小鸡汤,不被理想束缚的生活,0
哈利波特,J.K.罗琳,魔幻,小说,英国,外国文学,哈利·波特,哈利・波特,哈利·波特与混血王子,0
白先勇,小说,台湾,同志,台湾文学,中国文学,*理想国*,现当代文学,孽子,0
再见，少年,青春,我想读这本书,秋微,想读，一定很精彩！,好书，值得一读,想读中。。。,小说,再见，少年,0
张爱玲,红玫瑰与白玫瑰,小说,爱情,中国文学,经典,張愛玲,文学,红玫瑰与白玫瑰,0
东野圭吾,推理,日本,小说,東野圭吾,日本文学,推理小说,悬疑,秘密,0
时间的针脚,西班牙文学,小说,玛丽亚·杜埃尼亚斯,外国文学,西班牙,文学,神秘,时间的针脚,0
高晓松,历史,鱼羊野史,随笔,野史,中国,文学,2014,鱼羊野史·第1卷,0
雨果,外国文学,小说,世界名著,悲惨世界,经典,法国,法国文学,悲惨世界,0
安·兰德,小说,美国文学,外国文学,美国,自我完善,源泉,文学,源泉,0
了不起的盖茨比,小说,美国文学,弗·司各特·菲茨杰拉德,外国文学,爱情,美国,文学,了不起的盖茨比,0
路遥,平凡的世界,小说,中国文学,茅盾文学奖,经典,现实主义,文学,平凡的世界（全三册）,0
史铁生,散文,生命,中国文学,随笔,文学,中国,散文随笔,我与地坛,0
余秋雨,散文,文化苦旅,随笔,文化,中国文学,中国,爱旅游，爱文化，必读,文化苦旅（新版）,0
小说,俄罗斯文学,苏联,文学,瓦﹒格罗斯曼,译林现当代系列,格罗斯曼,二战,生存与命运（上下）,0
萨拉马戈,外国文学,小说,葡萄牙,葡萄牙文学,若泽·萨拉马戈,诺贝尔文学奖,文学,失明症漫记,0
简·奥斯汀,外国文学,英国,经典,小说,爱情,名著,文学,傲慢与偏见,0
历史,明代,中国文学,文化,赵柏田,明史,历史与记忆,文学,南华录,0
村上春树,日本文学,日本,小说,文学,新经典文库,日@村上春树,外国小说,图书馆奇谈,0
沈从文,传记,张新颖,中国文学,文学,民国,中国,后半生,沈从文的后半生:1948-1988,0
博尔赫斯,小说,阿根廷文学,外国文学,文学,阿根廷,短篇小说,拉美,沙之书,0
哈利波特,J.K.罗琳,魔幻,小说,英国,外国文学,HarryPotter,哈利・波特,哈利·波特与凤凰社,0
日本,随笔,理想生活,京都,生活,绘本,日本文学,维尼夏·斯坦利-史密斯,京都山居生活,0
老子,哲学,道德经,道家,国学,古典文学,经典,中国,道德经,0
小说,消失的爱人,悬疑,外国文学,爱情,美国,美国文学,超级畅销书,消失的爱人,0
历史,纳粹,二战,回忆录,社会学,后浪,米克洛斯·尼斯利,文化,来自纳粹地狱的报告,0
渡边淳一,日本文学,情爱,日本,小说,情感,日本小说,文学,失乐园,0
艾丽丝•默多克,英国,小说,英国文学,外国文学,文学,*上海译文出版社*,英语文学,独角兽,0
加西亚·马尔克斯,小说,拉美文学,外国文学,马尔克斯,哥伦比亚,魔幻现实主义,文学,苦妓回忆录,0
少见的书，老奶奶作者,生活,历史,平民,社会,草根,中国文学,好书,乱时候，穷时候,0
励志,时间管理,艾力,我想读这本书,个人管理,好书，值得一读,个人成长,生活,你一年的8760小时,0
小说,外国文学,感动,英国,克里斯蒂娜·贝克·克兰,英国文学,文学,孤独,孤儿列车,0
马洛伊·山多尔,小说,匈牙利,匈牙利文学,外国文学,文学,东欧文学,社会史,一个市民的自白,0
库尔特.冯内古特,黑色幽默,小说,美国,美国文学,冯内古特,外国文学,科幻,五号屠场,0
三国演义,古典文学,小说,罗贯中,古典名著,中国,名著,历史,三国演义（全二册）,0
我想读这本书,梁文道,梁文道主讲,很期待,文学,因为喜欢书，所以想看看！,非常精致的一本书,2015,我读:没有人是一座孤岛,0
毛姆W.SommersetMaugham,毛姆,毛姆：月亮和六便士,小说,文学,英國文學,艺术,英国,月亮與六便士,0
科幻,小林泰三,日本,日本文学,小说,科幻小说,文学,幻象文库,看海的人,0
吉米·哈利,外国文学,英国,随笔,自然,动物,吉米•哈利“万物”系列,万物刹那又永恒,万物刹那又永恒,0
余华,小说,第七天,中国文学,中国当代文学,中国,中国现当代文学,社会成长史，个体成长记,第七天,0
安·兰德,哲学,小说,阿特拉斯耸耸肩,个人主义,美国,外国文学,经典,阿特拉斯耸耸肩（上下）,0
旅行,旅行的艺术,阿兰·德波顿,随笔,英国,德波顿,生活,哲学,旅行的艺术,0
吴忠全,就是想读,文学,青春,我的最爱，黑暗骑士，难得温情,最世,我们没有在一起,十里春风,我们没有在一起,0
乙一,日本,推理,小说,恐怖,日本文学,ZOO,短篇集,ZOO,0
历史,史记,司马迁,中国历史,经典,古籍,国学,中国文学,史记（全十册）,0
金庸,武侠,神雕侠侣,小说,武侠小说,经典,爱情,中国,神雕侠侣,0
村上春树,且听风吟,小说,日本文学,日本,青春,外国文学,文学,且听风吟,0
缪娟,言情,浮生若梦1：最后的王公,小说,清末乱世,民国,爱情,浮生若梦,浮生若梦1,0
北野武,日本,日本文学,随笔,传记,电影,外国文学,2015,菊次郎与佐纪,0
郭敬明,梦里花落知多少,小说,青春,80后,爱情,小四,中国,梦里花落知多少,0
陀思妥耶夫斯基,小说,俄罗斯,外国文学,俄罗斯文学,罪与罚,经典,文学,罪与罚,0
儿童文学,巴西,外国文学,童年,温柔,爱,童话,小说,我亲爱的甜橙树,0
刘亮程,散文,一个人的村庄,乡土,散文随笔,中国文学,村庄,文学,一个人的村庄,0
徐皓峰,影评,电影,武侠,随笔,中国,電影,散文杂文,刀与星辰,0
科幻,刘慈欣,中国科幻,中国,小说,经典,科幻小说,三体,地球往事,0
法国,菲利普·德莱姆,小说,外国文学,法国文学,文学,新经典文库,随笔,一直下雨的星期天,0
菲茨杰拉德,美国文学,小说,外国文学,美国,F.S.菲茨杰拉德,幻灭,美国梦,了不起的盖茨比,0
哲学,罗素,西方哲学,西方哲学史,经典,哲学史,历史,经典通读,西方哲学史,0
雨果,巴黎圣母院,外国文学,法国,小说,名著,经典,外国名著,巴黎圣母院,0
小说,罗伯特·波拉尼奥,拉美文学,外国文学,智利,罗贝托·波拉尼奥,文学,拉美,2666,0
政治,纸牌屋,小说,美国,政治小说,外国文学,迈克尔·道布斯,英国,纸牌屋,0
小说,阿耐,改革开放,经济,商战,中国,大江东去,职场,大江东去（共三部）,0
传记,LeonardCohen,音乐,莱昂纳德·科恩,人物传记,摇滚,人物,英国,我是你的男人,0
艾丽丝•门罗,外国文学,小说,诺贝尔文学奖,短篇小说,加拿大,文学,加拿大文学,亲爱的生活,0
东野圭吾,推理,日本,加贺恭一郎,小说,東野圭吾,日本文学,推理小说,新参者,0
刘慈欣,科幻,科幻小说,小说,中国,短篇集,中国现当代文学,中国文学,时间移民,0
诗歌,塞尔努达,西班牙,诗,西班牙文学,外国文学,巴别塔诗典,范晔,致未来的诗人,0
张爱玲,金锁记,小说,中国文学,经典,爱情,现代文学,中国,金锁记,0
J.R.R.托尔金,奇幻,魔戒,小说,英国,外国文学,J.R.R.Tolkien,托尔金,魔戒,0
朱生豪,情书,书信,爱情,民国,宋清如,中国文学,随笔,朱生豪情书全集,0
绘本,安野光雅,日本,绘画,随笔,画画,日本文学,好书，值得一读,绘画是一个人的旅行,0
小说,西班牙,西班牙文学,外国文学,恩里克·比拉-马塔斯,文学,比拉-马塔斯,拉美文学,巴托比症候群,0
哈利波特,J.K.罗琳,魔幻,小说,英国,HarryPotter,哈利·波特,外国文学,哈利·波特与死亡圣器,0
新闻,阿兰德波顿,阿兰·德波顿,传播学,随笔,新闻传播,英国,外国文学,新闻的骚动,0
金瓶梅,古典文学,兰陵笑笑生,小说,中国古典文学,中国文学,中国,古典,金瓶梅,0
卡尔维诺,意大利,小说,外国文学,伊塔洛·卡尔维诺,意大利文学,文学,ItaloCalvino,不存在的骑士,0
小说,反乌托邦,威廉·戈尔丁,英国,外国文学,蝇王,英国文学,文学,蝇王,0
余华,小说,文革,中国文学,社会,思考,当代,长篇小说,兄弟,0
反乌托邦,乔治·奥威尔,奥威尔,1984,小说,政治,外国文学,英国,一九八四·动物农场,0
旅行,柏瑞尔•马卡姆,夜航西飞,非洲,英国文学,小说,外国文学,英国,夜航西飞,0
香水,小说,德国,聚斯金德,外国文学,悬疑,谋杀,经典,香水,0
科幻,菲利普·K.迪克,美国,小说,科幻小说,菲利普·迪克,美国文学,外国文学,高城堡里的人,0
拉美文学,奥古斯托·蒙特罗索,寓言,小说,危地马拉,外国文学,拉美,文学,黑羊,0
高尔泰,散文,回忆录,随笔,历史,中国,传记,人生,寻找家园,0
加西亚·马尔克斯,小说,拉美文学,外国文学,短篇小说,马尔克斯,哥伦比亚,文学,礼拜二午睡时刻,0
路遥,小说,人生,中国文学,命运,当代文学,经典,文学,人生,0
摄影,随笔,严明,散文,广西师范大学出版社,中国,纪实,文学,我爱这哭不出来的浪漫,0
森见登美彦,日本文学,日本,小说,奇幻,轻小说,猫,森見登美彥,有顶天家族,0
蒋勋,红楼梦,台湾,红学,文学,文化,红楼鉴赏书,中国文学,蒋勋说红楼梦（第一辑）,0
小说,莫迪亚诺,法国文学,外国文学,法国,文学,帕特里克·莫迪亚诺,企鹅经典,暗店街,0
罗素,哲学,幸福之路,人生,思想,幸福,英国,生活,幸福之路,0
亦舒,喜宝,小说,爱情,香港,金钱,成长,言情,喜宝,0
茨威格,传记,历史,回忆录,欧洲,外国文学,奥地利,生活·读书·新知三联书店,昨日的世界,0
伊坂幸太郎,日本,小说,推理,日本文学,2015,日系推理,午夜文库,余生皆假期,0
吉米·哈利,英国,外国文学,自然,动物,万物既伟大又渺小,小说,英国文学,万物既伟大又渺小,0
林达,旅行,法国,文化,历史,随笔,巴黎,游记,带一本书去巴黎,0
村上春树,日本,小说,1Q84,日本文学,爱情,外国文学,文学,1Q84 BOOK 3,0
太宰治,知日,日本文学,日本,文化,我想读这本书,MOOK,杂志,知日·太宰治,0
犯罪小说,詹姆斯·凯恩,小说,推理,美国,外国文学,美国文学,经典,邮差总按两遍铃,0
奥尔罕·帕慕克,伊斯坦布尔,土耳其,外国文学,回忆录,诺贝尔文学奖,小说,传记,伊斯坦布尔,0
德国,诗集,外国文学,诗歌,反思,战争,诗,朋友推荐，很想读一下,比空气轻,0
爱尔兰,约翰·康诺利,成人童话,失物之书,小说,外国文学,童话,文学,失物之书,0
渡边淳一,日本,日本文学,失乐园,小说,情色,爱情,外国文学,失乐园,0
马伯庸,小说,悬疑,古董,祥瑞御免,中国,推理,历史,古董局中局 3,0
野夫,小说,爱情,中国当代文学,土家野夫,中国文学,中国,当代文学,1980年代的爱情,0
三岛由纪夫,日本文学,日本,小说,文学,春雪,三島由紀夫,外国文学,春雪,0
鲁迅,散文,中国文学,朝花夕拾,经典,中国,文学,现代文学,朝花夕拾,0
反乌托邦,赫胥黎,小说,英国,反乌托邦三部曲,外国文学,英国文学,科幻,美丽新世界,0
梁文道,随笔,香港,散文,我执,杂文,文化,随笔散文,我执,0
茨威格,传记,历史,人类的群星闪耀时,外国文学,历史特写,奥地利,经典,人类的群星闪耀时（增订版）,0
历史小说,历史,大秦帝国,小说,秦,战国纵横,中国历史,战国,大秦帝国,0
乔伊斯,意识流,爱尔兰,小说,外国文学,尤利西斯,爱尔兰文学,文学,尤利西斯,0
我想读这本书,悦读纪,好书，值得一读,蓑依,想读，一定很精彩！,温暖,超级好看的书，喜欢作者！,棒棒哒~~~~,这世上没有毫无道理的横空出世,0
毛姆,英国文学,小说,英国,外国文学,文学,译林出版社,短篇小说,寻欢作乐,0
司汤达,红与黑,外国文学,法国,小说,名著,经典,外国名著,红与黑,0
库切,小说,南非,外国文学,J.M.库切,诺贝尔文学奖,南非文学,文学,青春,0
传记,只是孩子,Patti_Smith,美国文学,音乐,美国,PattiSmith,外国文学,只是孩子,0
吉米·哈利,英国,自然,动物,外国文学,英国文学,小说,随笔,万物既聪慧又奇妙,0
卡尔维诺,意大利,小说,伊塔洛·卡尔维诺,外国文学,意大利文学,文学,小說,分成两半的子爵,0
雨果,外国文学,法国,小说,名著,悲惨世界,法国文学,经典,悲惨世界（全三册）,0
伊塔洛·卡尔维诺,意大利,卡尔维诺,小说,外国文学,意大利文学,文学,小說,如果在冬夜，一个旅人,0
东野圭吾,日本,推理,小说,東野圭吾,日本文学,推理小说,时生,时生,0
蒋一谈,我想读这本书,短篇,小说,好书，值得一读,短篇小说,超短篇,当代小说,庐山隐士,0
